ID,SEXO,EDAD,GRADO_INSTRUCCION,TIPO_CARGO,EXPERIENCIA,GERENCIA,CREDIBILIDAD,RESPETO,IMPARCIALIDAD,ORGULLO,CAMARADERIA,GENERAL,COMENTARIO,TARGET
3,Femenino,de 23 a 30,Postgrado,Jefe,menor de 1,Recursos Humanos,5,5,4.958333333,5,5,5,El compañerismo entusiasmo vocación de servicio.,PROMOTOR
8,Masculino,mayor de 46,Universitaria completa,Jefe,de 10 a 15,Recursos Humanos,4.59375,4.8,4.833333333,4.722222222,4.7,5,Ahora se nota otro ambiente es su gente lo que hace especial.,PROMOTOR
10,Femenino,de 31 a 38,Universitaria completa,Jefe,menor de 1,Recursos Humanos,4.625,4.366666667,4.75,4.944444444,4.95,5,Camaradería sabes que somos los mejores en el rubro y yo pertenezco a él.,PROMOTOR
16,Masculino,de 23 a 30,Universitaria completa,Analista,menor de 1,Recursos Humanos,4.375,4.066666667,4.333333333,4.277777778,4.9,5,La cultura que reina en la empresa busca el confort y desarrollo del empleado.,PROMOTOR
17,Femenino,de 31 a 38,Tecnico completo,Analista,de 1 a 3,Recursos Humanos,4.875,4.666666667,4.666666667,4.888888889,5,5,La acogida del personal que labora en todas las áreas. La confraternidad.,PROMOTOR
21,Femenino,de 39 a 45,Tecnico incompleto,Auxiliar,de 1 a 3,Recursos Humanos,5,4.9,5,5,4.95,5,El ambiente trato y preocupación por el trabajador.,PROMOTOR
25,Femenino,mayor de 46,Universitaria completa,Jefe,de 10 a 15,Gerencia General,4.4375,4.333333333,4.166666667,4.5,4.2,5,Sí!!! Su gente la gran mayoría está identificada con los objetivos de la empresa y da más del 100%,PROMOTOR
29,Masculino,mayor de 46,Universitaria completa,Jefe,de 7 a 9,Finanzas,4.9375,4.666666667,5,5,5,5,Empresa que cumple fielmente con todos los beneficios laborales del colaborador.,PROMOTOR
30,Femenino,de 31 a 38,Universitaria incompleta,Analista,menor de 1,Finanzas,4.84375,4.733333333,4.833333333,4.888888889,5,5,Los jefes y gerentes son accesibles para la comunicación o consultas que le pueda realizar.,PROMOTOR
32,Masculino,de 23 a 30,Tecnico incompleto,Auxiliar,de 4 a 6,Finanzas,4.5625,4.4,4.583333333,4.5,4.55,5,Nos ofrecen grandes beneficios no solo económicos sino también de diversa índole (canjes para eventos acuerdos sobre precios descuentos y convenios estudiantiles),PROMOTOR
33,Masculino,mayor de 46,Universitaria completa,Jefe,de 7 a 9,Finanzas,4.25,4.4,4.5,4.666666667,4.45,5,El trato familiar y que cumplen puntualmente nuestros beneficios.,PROMOTOR
34,Masculino,mayor de 46,Universitaria completa,Jefe,de 7 a 9,Finanzas,4.40625,4.266666667,4.416666667,4,4.5,4.5,Sí aquí existe bune trato y buena amabilidad y camaradería.,PROMOTOR
37,Femenino,menor de 23,Universitaria completa,Analista,menor de 1,Finanzas,3.3125,2.733333333,3.208333333,3.555555556,3.55,3,Deberían realizar capacitaciones para áreas que lo necesitan como la nuestra. Mejorar la alimentación del comedor que sea más variada y saludable. Reorganizar el área por la cantidad de documentación que demanda el área y no tenemos suficiente espacio para tener un buen desarrollo del desempeño eso trae muchos problemas tanto de incomodidad como espacio ergonómico y problemas de salud (aire acondicionado oficina etc). Evaluar la posibilidad de nivelar los sueldos que hay en el área puesto que manteniendo el mismo puesto las diferencias en el sueldo es muy diferente e injusto. Ampliar el gimnasio para poder tener más espacio entre máquinas y desarrollar cambios.,DETRACTOR
38,Femenino,de 31 a 38,Postgrado,Jefe,de 1 a 3,Finanzas,4.375,4.333333333,4.666666667,4.166666667,4.4,4,Los convenios que existen con las instituciones educativas.,PROMOTOR
43,Femenino,de 31 a 38,Universitaria completa,Analista,de 4 a 6,Finanzas,2.625,2.6,2.583333333,3.333333333,3.55,3,Que mi jefe inmediato se preocupe más por las opiniones de su equipo.,DETRACTOR
44,Femenino,de 23 a 30,Universitaria incompleta,Analista,de 1 a 3,Finanzas,2.09375,2.266666667,1.875,3.222222222,2.65,4,"Tener un líder encabezando un equipo no un ""jefe"" que es lo que actualmente se ve en el área. Un jefe capacitado con criterio e ideas que se preocupe por el equipo y la empresa y no se preocupe más por sus temas personales. Mi jefe ha creado su propia empresa y se preocupa más en su empresa que en sus labores como jefe de logística involucra sus temas de su empresa con el área y eso afecta nuestras labores dentro del área.",DETRACTOR
46,Femenino,de 31 a 38,Universitaria completa,Analista,de 1 a 3,Finanzas,3.3125,3.166666667,2.708333333,3.333333333,3.45,3,Dar más oportunidades para estudiar y brindar el sueldo que corresponde según el cargo que desempeñar y saber elegir al jefe.,DETRACTOR
50,Masculino,de 23 a 30,Tecnico completo,Auxiliar,de 1 a 3,Finanzas,4.5625,4.666666667,4.5,4.722222222,4.7,5,Se nos da oportunidad de pedir permiso para resolver problemas personales haciendo notar que le importa a nuestro jefe que estemos atentos y tranquilos.,PROMOTOR
51,Femenino,mayor de 46,Tecnico incompleto,Auxiliar,mayor de 15,Finanzas,3.375,3.333333333,3,3.5,4,4,Cumbiar en justa manera en cuanto de aumento remuneración para que puedan sentirse bien el trabajador.,DETRACTOR
53,Masculino,de 23 a 30,Tecnico incompleto,Auxiliar,de 1 a 3,Finanzas,4.25,4.566666667,4.125,4.555555556,4.45,4,Yo por mi parte diría que en mi área somos muy unidos y se siente un ambiente acogedor que conosco y puedo trabajar con más ganas.,PROMOTOR
54,Masculino,de 23 a 30,Secundaria o menor,Auxiliar,de 1 a 3,Finanzas,4.28125,4.4,4.208333333,4.611111111,4.75,5,Lo especial es la organización de Recursos Humanos que fomenta la unión nos capacitan. Su labor es muy importante y necesaria.,PROMOTOR
56,Masculino,de 23 a 30,Universitaria incompleta,Auxiliar,menor de 1,Finanzas,4.09375,4.4,4.166666667,4.5,4.65,5,Sí con el trabajo en equipo nos sentimos en familia y con plena confianza de que ante cualquier circunstancia tendremos el apoyo de los demás y el respaldo de nuestros jefes.,PROMOTOR
58,Masculino,de 23 a 30,Secundaria o menor,Auxiliar,de 1 a 3,Finanzas,4.59375,4.366666667,4.208333333,4.833333333,4.7,5,Nos hacen sentir como si estuviéramos en casa y ser parte de nuestra familia.,PROMOTOR
59,Masculino,de 23 a 30,Universitaria incompleta,Jefe,de 4 a 6,Finanzas,4.84375,4.966666667,4.916666667,5,5,5,La empresa se preocupa por sus trabajadores. La empresa reconoce y hace actividades para los trabajadores. Da oportunidades para estudiar.,PROMOTOR
61,Masculino,de 31 a 38,Tecnico incompleto,Analista,de 4 a 6,Finanzas,4.6875,4.9,4.541666667,4.722222222,4.9,5,Sí creo que todos sus empleados nos tratamos por igual y hay respeto y son justos con todos.,PROMOTOR
62,Masculino,de 31 a 38,Tecnico completo,Analista,de 7 a 9,Finanzas,4.5625,4.666666667,4.583333333,4.888888889,4.8,5,El trabajo en equipo creo que hace un buen lugar para trabajar.,PROMOTOR
66,Masculino,de 31 a 38,Tecnico incompleto,Jefe,de 7 a 9,Alimentos y Bebidas,4.5625,4.733333333,4.708333333,4.722222222,4.8,5,Atlantic City es una familia seria por eso es un gran lugar para estar aquí. No lo veo como trabajo lo veo como una casa.,PROMOTOR
68,Femenino,de 23 a 30,Universitaria completa,Auxiliar,menor de 1,Alimentos y Bebidas,4.59375,4.666666667,4.375,4.666666667,4.6,4.5,Lo especial es que Atlantic City posee mucho potencial para seguir siendo creciendo como corporación.,PROMOTOR
69,Femenino,de 23 a 30,Tecnico incompleto,Auxiliar,de 1 a 3,Alimentos y Bebidas,2.25,2.633333333,2,3.222222222,2.7,1.5,Yo cambiaría a algunas jefas porque no veo igualdad muchas veces se dejan llevar por la manipulación y victimización de algunas azafatas. Y veo racismo. Falta transparencia en cuanto comunicar lo que realmente pasa en sala hay favoritismo.,DETRACTOR
72,Masculino,de 23 a 30,Tecnico completo,Tecnico,menor de 1,Alimentos y Bebidas,3.3125,2.8,3.208333333,3.833333333,3.3,4,La remuneración para DJ es un poco baja sería bueno que tengan o inviertan en equipos de consola de sonido.,DETRACTOR
73,Masculino,menor de 23,Tecnico incompleto,Auxiliar,menor de 1,Alimentos y Bebidas,4.1875,4.6,4.041666667,4.277777778,4.05,4,La constante capacitación a sus empleados y los talleres de superación que nos brinda el equipo de Recursos Humanos.,PROMOTOR
75,Masculino,de 23 a 30,Secundaria o menor,Auxiliar,menor de 1,Alimentos y Bebidas,4.09375,4.166666667,3.708333333,4,4.4,5,Sé que es un gran centro de entretenimiento y diversión. Brinda seguridad a sus clientes.,PROMOTOR
76,Masculino,de 31 a 38,Tecnico incompleto,Tecnico,de 1 a 3,Alimentos y Bebidas,1.9375,2.066666667,2.458333333,3.222222222,2.8,2.5,Como trabajador en área de cocina la comida debe ser gratuita es la primera vez que veo que un cocinero tiene que pagar su comida. Debe de haber cursos y capacitaciones. Debe de haber más reuniones entre trabajadores.,DETRACTOR
77,Masculino,de 23 a 30,Tecnico completo,Tecnico,de 1 a 3,Alimentos y Bebidas,3.40625,3.1,3.083333333,3.5,3.8,3,Que no se cobre el almuerzo al personal de cocina y que el sueldo aumente.,DETRACTOR
78,Femenino,de 31 a 38,Tecnico completo,Jefe,de 1 a 3,Alimentos y Bebidas,1.625,2.266666667,2.333333333,1.666666667,2.8,1,Cambiar al gerente de A&B. Capacitación a los empleados. Alimentacioón. Sueldo.,DETRACTOR
79,Femenino,de 31 a 38,Universitaria completa,Jefe,menor de 1,Alimentos y Bebidas,2.8125,2.566666667,2.666666667,3.5,3.1,4,"Deberían evaluar el trabajo de los jefes a veces deja mucho que desear. Cuando haya fiestas como el día del trabajo o de San Valentín los que atienden el servicio no deberíamos ser nosotros sino un catering o personas ""x"" (no Eventos) pues ellos merecen divertirse y disfrutar como cualquier colaborador. Los regalos de los trabajadores deberían ser por áreas y así no este presente guardarse su regalo ya que es algo justo y equitativo para todos. Igual con los regalos de los niños o sea si no va mi hijo no tiene regalo? Es algo ilógico.",DETRACTOR
81,Masculino,mayor de 46,Secundaria o menor,Auxiliar,menor de 1,Alimentos y Bebidas,4.5,4.5,4.5,4.5,4.5,4.5,Bueno al menos yo estoy bien en el trabajo en un ambiente familiar.,PROMOTOR
82,Masculino,de 31 a 38,Tecnico incompleto,Auxiliar,menor de 1,Alimentos y Bebidas,4.65625,4.533333333,4.291666667,4.666666667,4.75,5,Siempre quise trabajar en Atlantic City y ahora estoy trabajando estoy feliz y poner la camiseta para que todo salga bien trabajar en grupo porque somos una familia,PROMOTOR
83,Masculino,de 23 a 30,Secundaria o menor,Auxiliar,de 1 a 3,Alimentos y Bebidas,3.34375,3.133333333,2.916666667,3.111111111,3.8,4,Dar capacitaciones constantes aumentos reconocimientos y dar los alimentos gratuitos.,DETRACTOR
85,Masculino,de 31 a 38,Postgrado,Jefe,de 4 a 6,Alimentos y Bebidas,3.96875,3.833333333,3.291666667,3.888888889,4.5,5,Infraestructura vanguardia ambiente trabajo en equipo.,PROMOTOR
88,Masculino,de 39 a 45,Tecnico incompleto,Auxiliar,de 7 a 9,Alimentos y Bebidas,3.6875,2.466666667,1.916666667,3.222222222,2.45,2,Sería bueno que capaciten a los trabajadores con estudios y no dejarlos tantos años en el mismo puesto. También sería bueno que la comida sea gratis con eso se lograría el objetivo.,DETRACTOR
93,Masculino,de 39 a 45,Tecnico incompleto,Tecnico,de 7 a 9,Alimentos y Bebidas,2.875,2.733333333,3.041666667,3,3.6,3,Mejorar la comunicación entre áreas de diferentes gerencias y unificarlos todas las áreas del casino porque cada uno jala para lo suyo.,DETRACTOR
95,Masculino,de 39 a 45,Tecnico completo,Jefe,de 7 a 9,Alimentos y Bebidas,3.3125,2.866666667,3.041666667,3.333333333,3.2,3,"Como área un checklist para cada colaborador y trabajar en el ""trabajo en equipo"" desde la cabeza. Como empresa que confíen en la actitud positiva de cada uno estamos en un etapa de cambios y nosotros apostamos por ello.",DETRACTOR
98,Masculino,de 23 a 30,Universitaria incompleta,Jefe,de 1 a 3,Alimentos y Bebidas,4.125,4.133333333,3.458333333,4.388888889,4.4,5,Tenemos un ambiente acogedor el trabajador puede decir orgulloso que labora aquí.,PROMOTOR
99,Masculino,de 39 a 45,Postgrado,Jefe,de 4 a 6,Alimentos y Bebidas,3.875,3.933333333,4.166666667,4.888888889,4.45,5,La calidad emana del área y el trabajo en equipo.,PROMOTOR
100,Femenino,de 31 a 38,Tecnico completo,Jefe,de 7 a 9,Alimentos y Bebidas,4.46875,4.3,4.375,4,4.55,4,Las personas que trabajan en mi área la gran mayoría te hace sentir bien y se preocupan por sus compañeros.,PROMOTOR
101,Masculino,de 23 a 30,Tecnico completo,Jefe,de 1 a 3,Alimentos y Bebidas,4.21875,4.366666667,4.708333333,4.722222222,4.8,5,La comprensión y flexibilidad que tenemos en nuestra área es única. Desde nuestro jefe directo que es sumamente humano y profesional.,PROMOTOR
103,Masculino,de 39 a 45,Tecnico incompleto,Jefe,de 7 a 9,Alimentos y Bebidas,4.625,4.733333333,3.833333333,4.777777778,4.9,5,El ambiente que se percibe de cordialidad y saludo constante los jefes te dan la confianza de desarrollarte tú solo.,PROMOTOR
104,Femenino,de 31 a 38,Tecnico completo,Jefe,de 4 a 6,Alimentos y Bebidas,3.6875,3.4,3.041666667,3.722222222,3.45,3.5,Creo que si incrementaran los sueldos esto ayudaríaa encontrar personal más capacitado y más educado.,DETRACTOR
109,Masculino,de 23 a 30,Tecnico incompleto,Tecnico,de 4 a 6,Alimentos y Bebidas,3.0625,3.133333333,1.875,3.222222222,3.15,3,Bueno en particular cambiaría al gerente de A & B. No puede ser posible que trabajadores del turno amanecidas no tengan ningún beneficio especial. Peor aun turnos diurnos son más favorecidos.,DETRACTOR
111,Masculino,de 31 a 38,Universitaria completa,Tecnico,de 7 a 9,Alimentos y Bebidas,2.90625,2.666666667,2.666666667,3.222222222,2.85,2,Que el trato y el desempeño profesional sea igual para todos que se nivele los puestos y sueldos que se reconozca a los que en realidad ponen su esfuerzo en el área que se de las herramientas necesarias y que se reconozca todas las áreas no solo algunas.,DETRACTOR
115,Masculino,de 23 a 30,Tecnico incompleto,Tecnico,de 1 a 3,Alimentos y Bebidas,3.3125,2.966666667,2.833333333,4,3.75,3.5,Que la remuneración de los colaboradores sea justa a veces cuando uno ve que afuera dice ahí pagarán bien pero cuando estás dentro otra es la historia.,DETRACTOR
118,Masculino,de 23 a 30,Tecnico completo,Tecnico,de 1 a 3,Alimentos y Bebidas,2.53125,2.7,2.208333333,2.555555556,2.8,3.5,Pagar lo justo a sus trabajadores los cuales trabajamos más que otros y ganamos menos.,DETRACTOR
119,Masculino,de 23 a 30,Tecnico completo,Tecnico,de 1 a 3,Alimentos y Bebidas,3.71875,3.666666667,3.375,3.777777778,3.35,3,El trato entre áreas más comunicación más respeto tratarnos todos por igual porque primero que trabjadores somos personas y trabajamos en una misma empresa. Por ende todos somos responsables de los éxitos y fracasos. El clima laboral debe mejorar mucho!,DETRACTOR
121,Masculino,de 23 a 30,Tecnico completo,Tecnico,de 1 a 3,Alimentos y Bebidas,3.4375,3.233333333,3.125,3.333333333,3.25,3,Pues establecer bien el sueldo del personal ya que en otras empresas pagan un poco más. El aumento sería por el grado de estudio eso sería genial.,DETRACTOR
124,Masculino,de 23 a 30,Universitaria incompleta,Tecnico,de 4 a 6,Alimentos y Bebidas,2.625,2.866666667,2.458333333,3.333333333,2.7,3.5,Creo yo que el trato de nuestros superiores en ciertas oportunidades no es justa e incluso a nivel sueldo no hay un cierto respeto a las personas con mayor tiempo de servicio.,DETRACTOR
128,Masculino,menor de 23,Secundaria o menor,Jefe,de 1 a 3,Alimentos y Bebidas,3.71875,4.033333333,3.791666667,3.666666667,3.6,5,Sí buen trato con las personas y porque son amables. Buenos beneficios es un buen lugar para trabajar.,PROMOTOR
129,Masculino,de 31 a 38,Tecnico completo,Auxiliar,menor de 1,Alimentos y Bebidas,4.6875,4.766666667,4.791666667,4.944444444,4.9,5,Yo siento el espíritu de trabajo y desarrollo emocional para yo desarrollarlo con cada persona dentro de Atlantic City.,PROMOTOR
132,Masculino,de 39 a 45,Tecnico incompleto,Auxiliar,de 1 a 3,Alimentos y Bebidas,3.78125,4.333333333,3.791666667,4.555555556,4.6,5,Es cálido y un lugar con personas que valoran lo que uno hace como trabajador.,PROMOTOR
134,Masculino,de 23 a 30,Tecnico completo,Auxiliar,de 4 a 6,Alimentos y Bebidas,3.34375,3.133333333,2.916666667,3.222222222,3.45,3.5,Debe haber más convenios de estudios para los jovenes  y más incentivo para los trabajadores: promociones y premios por una gran labor.,DETRACTOR
137,Femenino,de 39 a 45,Tecnico completo,Auxiliar,de 7 a 9,Alimentos y Bebidas,4.28125,4.433333333,4.416666667,4.388888889,4.25,4,La empresa es sólida son puntuales en el pago y el seguro social.,PROMOTOR
140,Masculino,de 23 a 30,Secundaria o menor,Auxiliar,menor de 1,Alimentos y Bebidas,3.71875,3.366666667,3.416666667,4.388888889,4.6,5,Me gustó como centro de labor trabajadas como si estuvieras en casa y eso es muy importante.,PROMOTOR
143,Masculino,de 23 a 30,Tecnico completo,Auxiliar,menor de 1,Alimentos y Bebidas,4.46875,4.466666667,4.416666667,4.444444444,4.9,5,Ambiente de trabajo: es un lugar muy cómodo desde que llegas hasta que sales la gente súper divertida los jefes los beneficios y todo en gneral hace que sea una buena empresa en general.,PROMOTOR
146,Masculino,de 31 a 38,Tecnico completo,Auxiliar,de 1 a 3,Alimentos y Bebidas,2.625,2.533333333,2,2.833333333,2.9,3,No se debe cobrar por la alimentación a los trabajadores de cocina.,DETRACTOR
147,Masculino,de 23 a 30,Tecnico completo,Auxiliar,de 1 a 3,Alimentos y Bebidas,3.40625,3,2.583333333,3.444444444,3.3,4,Agregaría evaluaciones en el personal para seleccionar a los mejores trabajadores. Esto fomentaría mayor esfuerzo del personal.,DETRACTOR
148,Masculino,de 31 a 38,Tecnico incompleto,Auxiliar,de 7 a 9,Alimentos y Bebidas,2.21875,2.233333333,2.25,2.666666667,2.8,1,De que seamos honestos con todos los trabajadores y lo justo para todos que Dios los bendiga.,DETRACTOR
149,Masculino,de 23 a 30,Tecnico completo,Auxiliar,menor de 1,Administracion,3.84375,4.133333333,3.625,4.166666667,4.5,4,En el poco tiempo que estuve he logrado observar la unión de los equipos de trabajo de cada área haciendo todo lo posible por lograr un objetivo.,PROMOTOR
157,Masculino,de 39 a 45,Universitaria completa,Jefe,de 4 a 6,Administracion,4.1875,4.133333333,3.916666667,4.111111111,4,4,Su espíritu de camaradería y familiaridad entre sus miembros.,PROMOTOR
160,Masculino,de 31 a 38,Secundaria o menor,Tecnico,de 1 a 3,Administracion,4.3125,4.633333333,4.291666667,4.444444444,4.55,5,Si en este casino se puede trabajar con mucha tranquilidad hay mucho compañerismo hay calidad y mucha responsabilidad. Tengo todos los beneficios y es un lugar muy acogedor y agradable.,PROMOTOR
162,Masculino,de 31 a 38,Tecnico incompleto,Tecnico,de 1 a 3,Administracion,4.5,4.666666667,4.625,4.611111111,3.7,5,Creo que estamos en una gran empresa donde hay un gran clima laboral y motiva seguir adelante.,PROMOTOR
164,Masculino,menor de 23,Secundaria o menor,Tecnico,menor de 1,Administracion,4.53125,4.766666667,4.583333333,4.722222222,4.85,5,Me gusta el buen clima laboral que hay en la corporación.,PROMOTOR
165,Masculino,de 23 a 30,Tecnico incompleto,Tecnico,de 1 a 3,Administracion,4.5,4.2,4.166666667,4.777777778,4.7,5,No solo es un trabajo uno se siente cómodo seguro y que puede trabajar tranquilo.,PROMOTOR
170,Masculino,menor de 23,Secundaria o menor,Tecnico,menor de 1,Administracion,4.09375,3.9,3.958333333,4,3.8,5,La consideración mutua que hay hacia el colaborador.,PROMOTOR
173,Masculino,de 39 a 45,Secundaria o menor,Tecnico,de 1 a 3,Administracion,4.28125,3.866666667,3.75,4.222222222,4.35,5,Sí porque en la corporación no hay límite de edad como en otras empresas.,PROMOTOR
174,Masculino,de 39 a 45,Secundaria o menor,Auxiliar,de 4 a 6,Administracion,3.75,4.2,3.833333333,4.555555556,4.15,5,Sí porque reune a todos los trabajadores en la mobilidad un almuerzo y fiesta de niños y juegos.,PROMOTOR
175,Femenino,de 23 a 30,Secundaria o menor,Auxiliar,de 1 a 3,Administracion,2.65625,2.6,2.583333333,3.166666667,2.9,2.5,Que deben dar la comida gratis. Y que los beneficios sean para todos iguales y en todas las áreas.,DETRACTOR
177,Masculino,de 31 a 38,Tecnico completo,Tecnico,de 4 a 6,Administracion,3.46875,3.066666667,2.875,3.277777778,3.55,3.5,Que el área de adminstración también tenga algunos beneficios que tiene el área de operaciones.,DETRACTOR
179,Masculino,de 31 a 38,Tecnico incompleto,Tecnico,de 4 a 6,Administracion,4.53125,4.4,4.166666667,4.666666667,4.65,5,Atlantic City es un gran lugar para trabajar por los beneficios que dan por ejemplo utilidades bonos gratificaciones Navidad para los niños Día del Pa,PROMOTOR
184,Masculino,mayor de 46,Tecnico incompleto,Tecnico,de 1 a 3,Administracion,4.03125,4.066666667,4.416666667,4.555555556,3.9,5,Es un lugar acogedor con todos los equipos para poder realizar nuestro trabajo.,PROMOTOR
188,Masculino,de 31 a 38,Tecnico completo,Tecnico,de 7 a 9,Administracion,4.0625,4.033333333,3.958333333,4.277777778,4.1,4,Que el área a la que pertenezco es un lugar donde me siento en familia.,PROMOTOR
193,Masculino,de 23 a 30,Tecnico completo,Tecnico,de 1 a 3,Administracion,4.65625,4.5,4.375,5,4.7,5,Sí sentirse como en casa algo bueno es que los nuevos supervisores nos dejan realizar los trabajos solos sin su supervisión haciendo que haya una buena confianza.,PROMOTOR
196,Masculino,de 39 a 45,Tecnico completo,Tecnico,de 7 a 9,Administracion,3.9375,4.2,3.958333333,4.333333333,4.5,5,Es toda su preocupación por el trabajador brindándole todo para que realice su trabajo.,PROMOTOR
197,Masculino,de 23 a 30,Tecnico incompleto,Tecnico,menor de 1,Administracion,4.4375,4.266666667,4.125,4.777777778,4.35,5,Sí su manejo y percepción con los trabajadores a través de charlas y auditorios ahorro con convenios de centro de estudios.,PROMOTOR
198,Masculino,de 31 a 38,Tecnico completo,Tecnico,de 1 a 3,Administracion,4.21875,4.1,4.208333333,4.111111111,3.55,4.5,Pienso que el grupo que formé con los compañeros y la organización de la empresa (el cómo se consolida).,PROMOTOR
199,Masculino,de 23 a 30,Tecnico completo,Tecnico,de 1 a 3,Administracion,4.34375,4.566666667,4.083333333,4.611111111,4.3,4.5,Nos brindan en mayoría las herramientas necesarias en cada labor. Y la oportunidad para perseverar con nuestro desarrollo profesional. Trabajo en equipo regular remuneración buen ambiente y beneficios sociales-económicos.,PROMOTOR
201,Masculino,mayor de 46,Tecnico completo,Jefe,de 1 a 3,Administracion,4.375,4.733333333,4.208333333,4.555555556,4.6,5,A través de mi experiencia laboral en muchos centros laborales y sobre todo en otra empresa de casinos siento que es un orgullo trabajar en la mejor empresa de entretenimiento.,PROMOTOR
202,Masculino,de 31 a 38,Universitaria incompleta,Jefe,de 4 a 6,Administracion,2.84375,3.033333333,2.875,3.111111111,3,3,El trato justo en igualdad en todas las gerencias. No es posible que todos los colaboradores de la gerencia de operaciones tengan muchos más beneficios que las demás gerencias.,DETRACTOR
203,Masculino,de 31 a 38,Tecnico completo,Jefe,de 7 a 9,Administracion,2.5625,2.7,2.125,3.222222222,2.95,3,La evaluación justa del trabajo que uno realiza el reconocimiento del desempeño en diferentes especialidades como trabajador.,DETRACTOR
208,Masculino,de 31 a 38,Tecnico incompleto,Jefe,de 7 a 9,Administracion,4.6875,4.633333333,4.625,4.444444444,4.65,4.5,Por ser una empresa seria con grandes proyecciones y cuidado del personal.,PROMOTOR
210,Masculino,de 39 a 45,Tecnico completo,Jefe,de 7 a 9,Administracion,4,4.4,4.125,4.777777778,4.2,5,Desde que he empezado a trabajar ha ido mejorando poco a poco. En ampliación de algunas áreas como el gimnasio.,PROMOTOR
211,Masculino,de 31 a 38,Tecnico completo,Jefe,de 7 a 9,Administracion,4.03125,4.333333333,3.625,4.555555556,4.3,5,Se están preocupando más en el personal ya que son piezas importates en una empresa.,PROMOTOR
212,Masculino,mayor de 46,Universitaria completa,Jefe,de 7 a 9,Administracion,4.65625,4.933333333,4.458333333,4.777777778,4.85,5,Se dan los recursos para la solución de cualquier actividad en provecho de las operaciones comerciales y administrativas de la empresa.,PROMOTOR
213,Masculino,mayor de 46,Universitaria completa,Jefe,de 7 a 9,Administracion,4.84375,4.833333333,4.708333333,5,5,5,La permanente preocupación en todos sus instrumentos para mejorar y crecer en el rubro a través de un cada vez mejor trato a su recurso humano.,PROMOTOR
214,Masculino,de 31 a 38,Secundaria o menor,Auxiliar,menor de 1,Administracion,4.28125,4.2,4.166666667,4.777777778,4.9,5,Que mejore la comida y que sea tratable con los jefes del personal.,PROMOTOR
215,Masculino,de 31 a 38,Tecnico incompleto,Auxiliar,de 1 a 3,Administracion,4.46875,4.133333333,3.833333333,4.722222222,4.35,5,Es un lugar seguro y te hacen sentir como en familia.,PROMOTOR
217,Masculino,de 23 a 30,Secundaria o menor,Auxiliar,de 1 a 3,Administracion,4.28125,4.2,4.041666667,4.444444444,4.45,5,Sí yo me siento bien laborando en este empresa y me siento contento.,PROMOTOR
218,Masculino,de 31 a 38,Tecnico incompleto,Auxiliar,menor de 1,Administracion,4.1875,4.133333333,4.125,4.777777778,4.55,5,Es una empresa donde hay una grata calidad de trabajo y se encuentran oportunidades para salir más adelante de lo que uno es.,PROMOTOR
219,Masculino,menor de 23,Secundaria o menor,Auxiliar,de 1 a 3,Administracion,4.84375,4.5,4.416666667,4.722222222,4.65,5,Que aquí uno se siente en familia y la forma como nos tratamos entre compañeros.,PROMOTOR
221,Masculino,de 23 a 30,Secundaria o menor,Auxiliar,menor de 1,Administracion,3.96875,4.333333333,4.083333333,4.5,4.8,5,Sus ambientes son buenos para trabajar y que hay mucho compañerismo en todas las áreas.,PROMOTOR
222,Masculino,menor de 23,Secundaria o menor,Auxiliar,de 1 a 3,Administracion,3,3.6,4.541666667,3,3.55,3,Quisiera que los supervisores nos den un buen trato y en serio quisiéramos cambios en uniformes y el bono ya que eso nos hace sentir como la última rueda del coche.,DETRACTOR
223,Masculino,de 23 a 30,Secundaria o menor,Auxiliar,de 1 a 3,Administracion,4.28125,4.233333333,4.291666667,4.055555556,4.2,4.5,Los beneficios en clima laboral y los reconocimientos.,PROMOTOR
224,Masculino,menor de 23,Secundaria o menor,Auxiliar,de 1 a 3,Administracion,4.34375,3.9,4.375,3.777777778,4.35,4,Es un lugar entretenido los beneficios hay compañerismo la oportunidad de poder ascender ya que otras empresas no lo hacen.,PROMOTOR
227,Masculino,menor de 23,Secundaria o menor,Auxiliar,menor de 1,Administracion,1.90625,1.933333333,2.458333333,2.222222222,2.25,2.5,Bono mensual para nosotros que no tenemos beneficios y también queremos cuando cumplimos un año pasarse de área.,DETRACTOR
228,Masculino,de 39 a 45,Tecnico incompleto,Auxiliar,menor de 1,Administracion,4.21875,4.5,4.333333333,4.833333333,4.9,5,Sí desde que ingresamos a laborar te hacen sentir muy especial porque hay personas muy respetuosas que valoran lo que haces en tu área de trabajo.,PROMOTOR
230,Masculino,de 39 a 45,Secundaria o menor,Asistente,de 7 a 9,Administracion,3.9375,3.933333333,3.958333333,4.444444444,4.05,5,La capacitación que brindan a sus trabajadores el respeto que existe para el trabajador las oportunidades de desarrollo.,PROMOTOR
231,Masculino,de 39 a 45,Tecnico incompleto,Asistente,de 1 a 3,Administracion,3.90625,4.133333333,3.958333333,4.5,4.3,5,En esta etapa se está viendo un poco más de preocupación de parte de la Gerencia de RRHH hacia el colaborado eso es bueno para todos.,PROMOTOR
232,Masculino,de 31 a 38,Tecnico incompleto,Asistente,de 4 a 6,Administracion,2.78125,2.733333333,2.625,3.111111111,2.75,3,Que los encargados y los jefes lleguen más a los trabajadores que tienen en cuenta sus comentarios y opiniones. Que las ganancias sean equitativas para todas las áreas.,DETRACTOR
233,Masculino,de 39 a 45,Tecnico incompleto,Asistente,de 1 a 3,Administracion,3.1875,2.333333333,2.5,3.444444444,2.2,2,Que no haya diferencias en los beneficios entre áreas y cargos.,DETRACTOR
234,Masculino,de 23 a 30,Secundaria o menor,Auxiliar,menor de 1,Administracion,4.8125,4.6,4.833333333,4.777777778,5,5,El pago es sobre valorado entre otras empresas y los beneficios son buenos.,PROMOTOR
241,Masculino,de 39 a 45,Universitaria incompleta,Asistente,menor de 1,Administracion,4.1875,4.033333333,4.125,4.444444444,4,4,Es un lugar muy acogedor que está en pleno crecimiento en la cual nos daría muchas oportunidades para crecer en lo laboral y como trabajadores. Gracias.,PROMOTOR
243,Masculino,de 31 a 38,Secundaria o menor,Jefe,de 1 a 3,Administracion,4.65625,4.533333333,4.416666667,4.611111111,4.8,5,Sí el familiarismo la gerencia te hace sentir como en casa.,PROMOTOR
244,Masculino,de 31 a 38,Tecnico completo,Asistente,menor de 1,Administracion,4.3125,4.3,4.125,4.833333333,4.45,5,Es un ambiente cálido y acogedor contamos con comedor a un bajo precio y las promociones que surgen a bajo precio para los trabajadores.,PROMOTOR
245,Masculino,de 31 a 38,Tecnico incompleto,Asistente,de 1 a 3,Administracion,3.15625,3.166666667,3.041666667,4.111111111,3.95,4,Se mejoraría en la implementación en equipos de comunicación especialmente en mi área.,DETRACTOR
247,Masculino,de 31 a 38,Secundaria o menor,Asistente,de 7 a 9,Administracion,4.875,4.866666667,4.958333333,4.833333333,4.7,5,Sí porque es una empresa seria en la cual me siento orgulloso de ser parte.,PROMOTOR
249,Femenino,de 23 a 30,Tecnico completo,Auxiliar,menor de 1,Operaciones,4.5625,4.566666667,4.583333333,4.833333333,4.75,5,Incrementar un poco más el sueldo es todo porque lo demás sí puedo decir que es un excelente lugar donde trabajar.,PROMOTOR
250,Femenino,de 23 a 30,Tecnico incompleto,Auxiliar,de 1 a 3,Operaciones,4.4375,4.1,3.625,4.333333333,4.05,4,Sí la sonrisa que muestran los compañeros nos hace sentir queridos.,PROMOTOR
251,Femenino,de 23 a 30,Universitaria incompleta,Auxiliar,de 4 a 6,Operaciones,4.375,4.3,4.541666667,4.666666667,4.85,5,Es el mejor lugar porque la gente hace que eso suceda así los compañeros los jefes etc. Lo que me hace venir feliz es la idea que hoy aprenderé algo más.,PROMOTOR
255,Femenino,de 23 a 30,Tecnico completo,Auxiliar,de 1 a 3,Operaciones,3.3125,3.4,3.375,3.333333333,3.75,3,Considero que si tuviéramos movilidad para las personas que nos toca hacer el turno de tarde y que salimos a partir de las 00:00 sería mucho mejor.,DETRACTOR
257,Femenino,de 23 a 30,Tecnico completo,Auxiliar,de 1 a 3,Operaciones,4.9375,4.8,4.75,5,5,5,La grata bienvenida que dan realmente uno se siente como en familia siento que se ha mejorado mucho la integración e información.,PROMOTOR
259,Femenino,de 23 a 30,Tecnico incompleto,Auxiliar,menor de 1,Operaciones,4.84375,4.766666667,4.833333333,5,4.8,5,Sí el trato que nos dan nuestros jefes tienen bastante consideración en el momento preciso sobre todo el apoyo con todas las herramientas que necesitamos.,PROMOTOR
261,Masculino,de 31 a 38,Tecnico incompleto,Auxiliar,de 7 a 9,Operaciones,3.90625,4.233333333,4.291666667,4.5,4.7,5,Sí el que Atlantic City es un lugar y hay unión de los trabajadores para lograr un solo objetivo.,PROMOTOR
262,Femenino,de 23 a 30,Tecnico incompleto,Auxiliar,de 1 a 3,Operaciones,4.125,3.866666667,4.041666667,3.777777778,4.15,4,Es un establecimiento bastante seguro y donde sé que no correría peligro ante algún sismo o asalto y entre otros. El ambiente es elegante y exclusivo (limpio).,PROMOTOR
263,Femenino,de 23 a 30,Tecnico incompleto,Auxiliar,menor de 1,Operaciones,4.96875,5,4.958333333,4.555555556,5,5,La gran acogida que dan todos los beneficios que te ofrece el ambiente laboral es muy grato y entretenido.,PROMOTOR
264,Femenino,de 31 a 38,Universitaria incompleta,Auxiliar,de 7 a 9,Operaciones,4.25,4.466666667,4.125,4.333333333,4.45,4,El ambiente de trabajo personalmente me siento bien haciendo y desempeñándome en lo que realmente me gusta y lo hago con satisfacción.,PROMOTOR
266,Femenino,de 23 a 30,Universitaria incompleta,Auxiliar,de 4 a 6,Operaciones,2.96875,3.133333333,2.916666667,3.666666667,3.7,3.5,Aumentar el sueldo a las cajeras están mal pagadas!,DETRACTOR
268,Femenino,de 39 a 45,Secundaria o menor,Auxiliar,de 7 a 9,Operaciones,3.90625,3.866666667,3.708333333,4.333333333,3.9,5,Sí porque es puntual en sus pagos y cuando estás con problemas muy fuertes te apoyan.,PROMOTOR
272,Femenino,de 31 a 38,Universitaria incompleta,Auxiliar,de 7 a 9,Operaciones,2.90625,3.5,3.5,3,3.2,3,Aire acondicionado bajarlo a un lugar específico para los fundadores subir el precio de la movilidad,DETRACTOR
273,Femenino,de 31 a 38,Tecnico incompleto,Auxiliar,de 7 a 9,Operaciones,3.96875,3.866666667,4,4.055555556,4.2,4.5,Bueno el trato ha mejorado bastante hacia el personal y los pagos son puntuales.,PROMOTOR
276,Femenino,de 23 a 30,Universitaria completa,Auxiliar,de 1 a 3,Operaciones,4.09375,4.1,3.791666667,4,4.1,4.5,Los diferentes eventos que realiza la empresa para los colaboradores la hacen única y se ve que piensan en nosotros.,PROMOTOR
286,Femenino,de 23 a 30,Tecnico incompleto,Auxiliar,de 1 a 3,Operaciones,4.03125,4.1,4.375,4.611111111,4.6,5,Preocupación por sus trabajadores incentivando a que crescan profesionalmente y no solo sus trabajadores sino personas cercanas.,PROMOTOR
288,Femenino,de 31 a 38,Tecnico incompleto,Auxiliar,de 1 a 3,Operaciones,4.0625,3.866666667,4,4.222222222,4.05,4,Siempre están apoyando a todo su personal en lo posible.,PROMOTOR
289,Masculino,menor de 23,Secundaria o menor,Auxiliar,de 1 a 3,Operaciones,4.59375,4.2,4.416666667,4.611111111,4.9,4.5,Sí la convivencia diaria con los demás hace un buen clima laboral frecuentemente.,PROMOTOR
295,Femenino,de 23 a 30,Secundaria o menor,Auxiliar,menor de 1,Operaciones,5,4.066666667,5,4.444444444,5,5,Sí porque es una empresa sólida elegante segura etc. Es el mejor lugar para trabajar donde trabajar tenemos muchos beneficios como trabajadores. Me siento orgullosa de pertenecer a esta gran empresa.,PROMOTOR
296,Masculino,de 23 a 30,Tecnico completo,Auxiliar,de 1 a 3,Operaciones,3.875,3.966666667,4.208333333,4,3.75,4.5,El ambiente de trabajo es bueno las oportunidades que están comenzando a dar al perosnal para poder estudiar.,PROMOTOR
297,Femenino,de 23 a 30,Tecnico incompleto,Auxiliar,de 7 a 9,Operaciones,4.15625,4.066666667,3.916666667,4.555555556,4.45,5,El ambiente es acogedor y la idea del gym fue lo mejor. Es grato decir que se cuenta con un ambiente así en tu centro de trabajo.,PROMOTOR
300,Femenino,de 23 a 30,Tecnico incompleto,Auxiliar,menor de 1,Operaciones,4.53125,4.266666667,3.75,3.666666667,4.3,4.5,Es una gran empresa muy reconocida y con beneficios mas creo que no lo demuestran en el salario al menos deberían aumentar el bono o las utilidades.,PROMOTOR
304,Femenino,menor de 23,Tecnico completo,Auxiliar,menor de 1,Operaciones,3.21875,3.066666667,3.208333333,3.277777778,3,3,Saber contratar a su personal que conoscan que ser amable no es igual que ir coqueteando por propinas y malaso!,DETRACTOR
305,Femenino,de 31 a 38,Universitaria incompleta,Auxiliar,de 7 a 9,Operaciones,4.3125,4.033333333,4.208333333,4.388888889,4.5,4,Siempre pendiente en nunca fallar como empresa responsable en nuestros pagos y mantener a su personal perenne.,PROMOTOR
306,Femenino,menor de 23,Universitaria incompleta,Auxiliar,de 1 a 3,Operaciones,3.53125,3.366666667,2.708333333,3.555555556,3.85,4,Que no haya racismo que roten a todas por igual siempre hay un grupo de azafatas que están $ por pateras. Que las cosas sean justas y dejen de lado a las chicas que tienen años y las jefas que las cambien por hipócritas.,DETRACTOR
311,Masculino,de 23 a 30,Universitaria incompleta,Auxiliar,menor de 1,Operaciones,4.53125,3.933333333,3.833333333,4.555555556,4.55,4.5,Como empresa es una de las mejores en la que yo he laborado y recalco el buen ambiente laboral como también los lugares de entretenimiento y relajamiento que nos facilitan a los trabajadores.,PROMOTOR
314,Femenino,de 31 a 38,Tecnico incompleto,Auxiliar,de 7 a 9,Operaciones,3.09375,3.366666667,2.583333333,3.888888889,3.5,4,Deberían aumentar el sueldo y en vez de buscar gente de afuera deben dar oportunidades a las personas que ya tienen tiempo debería haber movilidad y aumentar las utilidades las cuales son un incentivo para dar lo mejor de uno deberían dar los cursos de capacitación al personal.,DETRACTOR
315,Femenino,de 31 a 38,Secundaria o menor,Auxiliar,de 4 a 6,Operaciones,2.75,2.933333333,2.5,2.944444444,3.1,3,Que evaluen bien antes de ascender a alguien porque algunos no se lo merecen. Que den oportunidades de crecer a la gente que trabajan internamente y no a gente de la calle. Que sigan trabajando en cuanto al ambiente trato y actitud hacia la persona que todos somos iguales sin importar nuestro origen les falta trabajar mucho con respecto al favoritismo hacia muchas personas.,DETRACTOR
317,Femenino,de 31 a 38,Universitaria incompleta,Auxiliar,de 4 a 6,Operaciones,4.1875,4.133333333,3.916666667,3.888888889,4.15,5,Que somos una gran familia a mi parecer tiene un buen ambiente de trabajo.,PROMOTOR
322,Femenino,de 23 a 30,Tecnico completo,Auxiliar,menor de 1,Operaciones,4.5,4.466666667,4.375,4.777777778,4.5,5,El clima laboral la mayoría del personal es amable y comprometido con lo que hace y da gusto trabajar con ellos siento que si tengo alguna inquietud puedo hablar con mis jefes de sala y seré escuchada al igual con algunas supervisoras :),PROMOTOR
323,Masculino,de 23 a 30,Tecnico incompleto,Auxiliar,de 1 a 3,Operaciones,4.15625,3.966666667,4.25,4.222222222,3.9,4,Lo mejor es que la empresa a empezado a hacer convenios educativos tal vez el porcentaje de descuento sería bueno que no sea menor al 20%.,PROMOTOR
324,Femenino,de 23 a 30,Tecnico incompleto,Auxiliar,menor de 1,Operaciones,3.96875,4.033333333,4.041666667,4.222222222,4.4,4,Beneficios infraestructura ambiente laboral y comunicación interna que hace recursos humanos para integrarnos más a nivel empresa.,PROMOTOR
325,Femenino,menor de 23,Tecnico completo,Auxiliar,menor de 1,Operaciones,4.03125,4.1,3.916666667,4.333333333,4.35,5,Sí ya que es una buena empresa es un lugar cálido donde se puede trabajar.,PROMOTOR
326,Femenino,menor de 23,Universitaria incompleta,Auxiliar,menor de 1,Operaciones,4.78125,4.766666667,4.833333333,4.944444444,4.9,5,La calidad y el trato que le bridan al trabajador.,PROMOTOR
330,Femenino,menor de 23,Tecnico incompleto,Auxiliar,de 1 a 3,Operaciones,3.3125,3.5,3.25,4,3.3,3,Respecto a las jefas a que sean tal cuales como son y que no sean hipócritas ya que solo eso pasa en el áera. Respecto al comedor que nos den comida saludable no comida guardada :),DETRACTOR
331,Femenino,menor de 23,Universitaria incompleta,Auxiliar,de 1 a 3,Operaciones,3.21875,2.9,3.166666667,3.444444444,3.1,3,No existan preferencias. Que rotemos todas a los diferentes locales para conocer a los clientes. Más comprensión del porqué nos retrasamos o un percance. Los chismes y rumores comenzando por las supervisoras ellas todo quien saber y se molestan si nos les contamos lo que pasó en la fiesta. El personal antiguo que aun no se dan cuenta como cogen propina de otra zona. Y por último la bipolaridad de algunas jefas de sala. Gracias.,DETRACTOR
334,Masculino,de 39 a 45,Tecnico completo,Auxiliar,de 10 a 15,Operaciones,4.40625,4.266666667,4.416666667,4.722222222,4.65,5,Puntualidad en los pagos y beneficios de ley cts gratificaciones utilidades seguro.,PROMOTOR
336,Masculino,de 31 a 38,Tecnico completo,Auxiliar,de 4 a 6,Operaciones,3.3125,3.266666667,2.916666667,3.388888889,3.4,3,Que el personal que ya es estable no haga tanto turno amanecida.,DETRACTOR
339,Femenino,menor de 23,Tecnico completo,Auxiliar,de 1 a 3,Operaciones,4.25,3.733333333,4.208333333,4.444444444,4.5,5,La comunicación constante de las jefaturas con los empleados de cada área.,PROMOTOR
341,Femenino,de 23 a 30,Universitaria incompleta,Auxiliar,de 1 a 3,Operaciones,4.5625,4.333333333,4.5,4.555555556,4.75,5,Creo que el compañerismo que hay en algunos y el buen trato de los jefes que nos sintamos bien de estar aquí sin dejar de mencionar el reconocimiento de la empresa hacia nosotros.,PROMOTOR
343,Femenino,de 23 a 30,Universitaria incompleta,Auxiliar,de 1 a 3,Operaciones,3.6875,3.6,2.916666667,3.555555556,3.5,3.5,Que cuando hagan eventos no solo lo hagan los días domingos (como los campeonatos) y también que pongan movilidad para el personal que labora en el turno noche.,DETRACTOR
345,Femenino,de 23 a 30,Universitaria incompleta,Auxiliar,menor de 1,Operaciones,4.21875,4.066666667,4.333333333,4.5,4,4,Que es muy seguro para trabajar me puedo sentir tranquilo dentro de mi lugar de labores.,PROMOTOR
348,Femenino,menor de 23,Universitaria incompleta,Auxiliar,menor de 1,Operaciones,4.09375,4.1,4.166666667,4.333333333,3.85,5,El clima laboral y las actividades que nos realizan para nosotros :),PROMOTOR
349,Femenino,de 23 a 30,Secundaria o menor,Auxiliar,de 1 a 3,Operaciones,2.875,2.333333333,2.5,3.333333333,2.8,3,No deberíamos usar tacos tantas horas porque estamos paradas. Deberían de no cobrar en el comedor.,DETRACTOR
352,Femenino,de 23 a 30,Tecnico completo,Auxiliar,menor de 1,Operaciones,3.28125,2.666666667,3.25,3.666666667,3.65,4,Que las supervisores sean capacitadas de como se trata al personal y que sean justas.,DETRACTOR
355,Femenino,menor de 23,Tecnico completo,Auxiliar,de 1 a 3,Operaciones,4.5,4.666666667,4.833333333,4.888888889,4.9,5,El ambiente la alegría el trabajo en equipo los reconocimientos y la ayuda de crecer profesionalmente hace que uno ame su trabajo y este orgulloso de lo que puede lograr día a día.,PROMOTOR
357,Femenino,menor de 23,Universitaria incompleta,Auxiliar,menor de 1,Operaciones,3.75,3.966666667,3.708333333,4.722222222,4.65,4.5,Lo especial lo hace uno mismo porque para mí el estar en Atlantic City es significado de crecimiento tanto a nivel laboral como personal.,PROMOTOR
358,Femenino,de 23 a 30,Tecnico completo,Auxiliar,de 1 a 3,Operaciones,3.4375,3.933333333,3.958333333,3.944444444,3.95,5,Un buen clima laboral donde se preocupan por todos los trabajadores.,PROMOTOR
359,Masculino,de 23 a 30,Tecnico completo,Auxiliar,menor de 1,Operaciones,2.875,2.6,2.583333333,3.722222222,3.1,4,Que haya más igualdad para todos. Que haya una mejora en la remuneración en general.,DETRACTOR
363,Femenino,de 23 a 30,Tecnico incompleto,Auxiliar,de 1 a 3,Operaciones,2.15625,2.166666667,2.041666667,2.777777778,2.45,2.5,Tener más comunicación de los jefes hacia los colaboradores y no solo por conveniencia.,DETRACTOR
364,Masculino,menor de 23,Tecnico incompleto,Auxiliar,menor de 1,Operaciones,4.15625,4.166666667,3.916666667,4.611111111,4.3,5,Sí la manera cálida y buen lugar para trabajar los beneficios y promociones que hay son muy buenas.,PROMOTOR
366,Femenino,de 31 a 38,Tecnico incompleto,Auxiliar,de 7 a 9,Operaciones,2.125,2.3,1.958333333,3,2.45,2,Yo cambiaría en trato mejor a nosotras que nos den oportunidades a seguir creciendo junto con ellos no por nuestra edad no surgir y quedarnos donde estamos me considero parte de esta familia pero mejor trato.,DETRACTOR
367,Femenino,de 23 a 30,Tecnico incompleto,Auxiliar,menor de 1,Operaciones,4.125,4.2,3.958333333,4.388888889,4.55,5,Que el Atlantic City tiene un buen ambiente laboral hay compañerismo los beneficios que te dan.,PROMOTOR
369,Masculino,menor de 23,Universitaria incompleta,Auxiliar,menor de 1,Operaciones,4.15625,4.2,4.125,4.5,4.75,5,Aquí las personas son bien tratadas sin importar la edad o el sexo.,PROMOTOR
370,Femenino,de 31 a 38,Tecnico incompleto,Auxiliar,menor de 1,Operaciones,4.53125,4.6,4.583333333,4.444444444,4.6,5,Para mi percepción Atlantic City se preocupa por el trabajador te hace sentir motivado para trabajar y te brinda todo para sentirse en familia.,PROMOTOR
371,Femenino,de 39 a 45,Secundaria o menor,Auxiliar,de 1 a 3,Operaciones,4.46875,4.5,4.166666667,4.333333333,4.6,5,Cumplen con el pago puntual. Te brindan mucha seguridad. Es una empresa muy unida.,PROMOTOR
372,Masculino,de 23 a 30,Tecnico incompleto,Auxiliar,de 1 a 3,Operaciones,3.5,3.133333333,3.125,4.611111111,4.45,2,Ser reconocidos económicamente darnos un buen salario nos pagan el sueldo mínimo más 50 soles.,DETRACTOR
373,Masculino,menor de 23,Tecnico incompleto,Auxiliar,menor de 1,Operaciones,4.0625,4.3,4.416666667,4.555555556,4.75,5,Claro el orden con que se maneja la empresa y siempre tratando de mejorar cada día.,PROMOTOR
374,Masculino,de 31 a 38,Tecnico completo,Auxiliar,de 1 a 3,Operaciones,4.375,4.366666667,3.958333333,4.611111111,4.7,5,El ambiente de trabajo trabajo en equipo respeto que hay entre todos en el casino.,PROMOTOR
375,Femenino,de 39 a 45,Secundaria o menor,Auxiliar,de 4 a 6,Operaciones,3.28125,3.166666667,2.375,4,3.85,4,Que reconozcan a las personas antiguas en ascender a otros puestos por la edad no podemos ascender a otros puestos y que hayan puestos para poder ascender.,DETRACTOR
377,Femenino,de 23 a 30,Tecnico incompleto,Auxiliar,de 1 a 3,Operaciones,4.15625,4.733333333,4.791666667,4.722222222,4.85,5,Porque te brindan confianza te apoyan y te escuchan te hacen sentir que estás en familia y no te ignoran.,PROMOTOR
378,Femenino,de 39 a 45,Universitaria incompleta,Auxiliar,menor de 1,Operaciones,4.59375,4.7,4.083333333,4.444444444,4.35,5,La educación el buen trato y la atención que se siente hacen que te sientas en familia y sentirte importante para la empresa.,PROMOTOR
379,Femenino,de 23 a 30,Tecnico incompleto,Auxiliar,de 1 a 3,Operaciones,3.28125,3.1,2.958333333,2.888888889,3.1,4,Dar la oportunidad de subir otras áreas en caso de operarias sin límite de edad. Dar la oportunidad de estudiar (un horario fijo).,DETRACTOR
381,Masculino,de 23 a 30,Universitaria incompleta,Auxiliar,menor de 1,Operaciones,4.75,4.566666667,4.916666667,4.611111111,4.5,5,Lo que hace especial a Atlantic City es el compañerismo y comunicación efectiva entre jefaturas y trabajadores de distintas áreas.,PROMOTOR
382,Masculino,de 31 a 38,Tecnico completo,Auxiliar,menor de 1,Operaciones,3.90625,4.2,3.875,3.777777778,4.8,5,El buen trato y la predisposición para apoyar un empleado nuevo.,PROMOTOR
385,Masculino,menor de 23,Tecnico completo,Auxiliar,de 1 a 3,Operaciones,4.4375,4.4,4.333333333,4.611111111,4.5,5,Los lazos de amistad que se forman en esta empresa la unión es todo aquí en Atlantic City.,PROMOTOR
386,Masculino,de 23 a 30,Tecnico incompleto,Auxiliar,de 1 a 3,Operaciones,4.3125,4.466666667,4,4.444444444,4.5,4,La puntualidad en el pago la atención para los trabajadores los reconocimientos fechas especiales siempre tratando de mantener al trabajador contento de pertenecer a esta familia.,PROMOTOR
387,Femenino,de 23 a 30,Tecnico incompleto,Auxiliar,menor de 1,Operaciones,4.625,4.266666667,4.208333333,4.555555556,4.45,4.5,Atlantic City es un buen lugar para trabajar porque el ambiente es agradable gracias a que la gran mayoría de colaboradores llegan con buena actitud al trabajo y el trato de los jefes también es amable. Las consideraciones de la empresa también hacen un buen lugar para trabajar.,PROMOTOR
388,Masculino,de 23 a 30,Tecnico completo,Auxiliar,de 1 a 3,Operaciones,3.6875,3.733333333,3.583333333,4.111111111,4.25,5,Que siempre tenemos la mejor manera de tratar al cliente y a los colaboradores. Y por su gran infraestructura.,PROMOTOR
390,Femenino,de 39 a 45,Tecnico incompleto,Auxiliar,de 10 a 15,Operaciones,3.875,3.866666667,3.916666667,4.333333333,4.1,5,En el trato que se nos brinda en algunos casos la preocupación por los trabajadores cuando afrontan un problema.,PROMOTOR
391,Masculino,de 23 a 30,Secundaria o menor,Auxiliar,menor de 1,Operaciones,2.8125,3.533333333,2.875,3.833333333,3.4,3.5,Los jefes de sala y de todas las áreas. Tener más comunicación con su personal y hacer reuniones mensuales para saber como se encuentra la gente.,DETRACTOR
395,Masculino,de 31 a 38,Tecnico incompleto,Auxiliar,de 7 a 9,Operaciones,3.125,2.9,2.875,3.222222222,3.1,4,Lo que cambiaría es la parte de fumadores del local que dejan que clientes fumen en los pasadizos del local y eso es dañino para la salud porque somos nosotros quienes son los perjudicados.,DETRACTOR
396,Femenino,de 31 a 38,Tecnico completo,Auxiliar,de 4 a 6,Operaciones,3.84375,3.833333333,4.166666667,4.333333333,4.05,5,Me siento orgullosa de lo que hago aquí. Ser habilitadora me hace sentir con una gran responsabilidad. Gracias a la Sra. Fadhy Chiara por darme la oportunidad de ascender.,PROMOTOR
399,Femenino,de 31 a 38,Universitaria incompleta,Analista,de 7 a 9,Operaciones,4.71875,4.166666667,4.708333333,4.666666667,4.55,4.5,La empresa brinda comodidad en sus ambientes al personal.,PROMOTOR
400,Masculino,de 31 a 38,Universitaria incompleta,Analista,de 7 a 9,Operaciones,4.4375,4.366666667,4.416666667,4.166666667,4.45,5,El material humano que tenemos con la camaradería que vivo en mi día a día es algo que no cambiaría jamás es lo que nos hace únicos. Cierto tenemos buenos líderes también.,PROMOTOR
401,Femenino,de 31 a 38,Tecnico incompleto,Jefe,de 10 a 15,Operaciones,4.6875,4.833333333,4.916666667,4.777777778,4.8,5,Te brinda todas las herramientas necesarias para realizar un buen trabajo de calidad. Tenemos una buena comunicación asertiva. Nos hacen sentir en familia.,PROMOTOR
402,Masculino,de 31 a 38,Tecnico completo,Jefe,de 7 a 9,Operaciones,4.4375,4.633333333,4.333333333,4.277777778,4.65,5,Sí el trabajo directamente con clientes y personal hace divertido el trabajo.,PROMOTOR
403,Femenino,de 31 a 38,Tecnico incompleto,Jefe,de 1 a 3,Operaciones,4.09375,3.833333333,4.166666667,4.333333333,4.1,5,Todos los beneficios adicionales el pago a tiempo la comunicación y el compañerismo.,PROMOTOR
404,Femenino,de 39 a 45,Universitaria incompleta,Jefe,de 10 a 15,Operaciones,4.625,4.3,3.5,5,5,5,Trabajo en equipo comunicación y el gran interés de los jefes por sus colaboradores. Siempre seremos el mejor.,PROMOTOR
405,Femenino,de 31 a 38,Secundaria o menor,Jefe,de 7 a 9,Operaciones,5,4.966666667,4.958333333,5,5,5,Es un buen equipo de trabajo que hace que uno se sienta en familia y por todo los buenos cambios que hemos tenido este 2015 por el departamento de Recursos Humanos. Sigan así.,PROMOTOR
406,Femenino,de 31 a 38,Tecnico incompleto,Jefe,de 10 a 15,Operaciones,4.5625,4.533333333,4.541666667,4.666666667,4.5,5,El trabajar en equipo siempre viendo las mejores alternativas para sentirnos como en casa.,PROMOTOR
408,Femenino,de 31 a 38,Tecnico incompleto,Jefe,de 7 a 9,Operaciones,4.1875,3.966666667,4.375,4.833333333,4,5,Además de la infraestructura que es única ahora la atención que nos brindan los jefes es mucho más empática nos escuchan están pendientes de nosotros.,PROMOTOR
413,Masculino,de 23 a 30,Tecnico completo,Jefe,menor de 1,Operaciones,4.53125,4.3,4.666666667,4.666666667,4.3,4,El ser reconocidos por nuestro trabajo es muy gratificante.,PROMOTOR
415,Femenino,de 39 a 45,Tecnico completo,Jefe,de 4 a 6,Operaciones,4.8125,4.233333333,4.625,4.555555556,4.8,5,Su gente. Realmente en los mejores y malos momentos estan juntos!,PROMOTOR
417,Femenino,de 31 a 38,Secundaria o menor,Jefe,de 10 a 15,Operaciones,4.3125,4.2,4.333333333,4.5,4.6,5,Atlantic City más que trabajo es una familia. Donde me siento súper bien con jefes y compañeros humildes quienes te enseñan. Gran trabajo en equipo.,PROMOTOR
420,Masculino,mayor de 46,Universitaria completa,Jefe,de 7 a 9,Operaciones,4.21875,4.4,4.208333333,4.722222222,4.65,5,La comodidad de sus instalaciones la camaradería y en especial el apgo puntual de las remuneraciones.,PROMOTOR
422,Masculino,de 31 a 38,Secundaria o menor,Jefe,de 1 a 3,Operaciones,4.78125,5,4.583333333,4.833333333,4.95,5,La manera en que todos los trabajadores se tratan es gratificante ver que eres importante para cada área. Somos una familia. Es nuestro segundo hogar.,PROMOTOR
423,Masculino,mayor de 46,Tecnico completo,Jefe,mayor de 15,Operaciones,3.75,4.1,4.291666667,4.333333333,4.15,5,"Es un lugar donde el trabajo de cada persona se confunde con una fiesta donde estoy de fiesta todos los días. ""Has una fiesta de tu trabajo"".",PROMOTOR
424,Masculino,de 23 a 30,Tecnico incompleto,Asistente,menor de 1,Operaciones,4.03125,4.2,3.916666667,4.222222222,3.8,4.5,La familia que somos si no existiera el complejo de antigüedad.,PROMOTOR
425,Masculino,mayor de 46,Tecnico completo,Asistente,de 10 a 15,Operaciones,2.84375,2.933333333,2.041666667,3.666666667,2.75,5,"Así como se preocupan por crecer como empresa también se preocupen por el persona. Más interés para los trabajadores. ""Trata bien a los trabajadores que ellos tratarán bien a los clientes"".",DETRACTOR
426,Masculino,de 31 a 38,Secundaria o menor,Asistente,de 1 a 3,Operaciones,3.6875,4.533333333,4,3.888888889,3.8,5,En que damos un buen servicio a nuestros clientes y día a día damos lo mejor para orientarlos.,PROMOTOR
428,Masculino,de 31 a 38,Secundaria o menor,Asistente,de 7 a 9,Operaciones,4.0625,4.3,4.208333333,4.333333333,4.35,4.5,Como empresa sí porque cumple con todos los beneficios sociales.,PROMOTOR
429,Masculino,de 31 a 38,Tecnico completo,Asistente,menor de 1,Operaciones,4.09375,4.5,4.958333333,4.888888889,4.55,5,Sí en especial me siento cómodo e importante. Atlantic City es un lugar de entretenimiento de lujo. No se compara a otros casinos. Para mí tiene un nivel muy alto y sé que mucha gente piensa lo mismo.,PROMOTOR
430,Masculino,de 31 a 38,Tecnico incompleto,Asistente,menor de 1,Operaciones,4.9375,4.766666667,4.833333333,4.833333333,4.85,5,No solo te ven como trabajador si no reconocen tu valor como persona y también en tu familia.,PROMOTOR
431,Masculino,de 39 a 45,Tecnico completo,Asistente,de 4 a 6,Operaciones,3.96875,4.266666667,4,4.111111111,3.95,5,Comenzando por la infraestructura los beneficios que nos dan (económicamente) y las posibilidades de crecer como persona.,PROMOTOR
432,Masculino,de 23 a 30,Tecnico incompleto,Asistente,de 1 a 3,Operaciones,2.8125,2.933333333,2.583333333,3.722222222,3.35,3.5,Que al momento de subir de puesto es que sea justo y no subir por ser chismoso o maletero.,DETRACTOR
434,Masculino,menor de 23,Secundaria o menor,Asistente,de 1 a 3,Operaciones,4.09375,4,4.208333333,4.333333333,4.15,5,El ambiente y el buen trato hacia los clientes como entre compañeros.,PROMOTOR
435,Masculino,de 31 a 38,Tecnico completo,Asistente,de 7 a 9,Operaciones,4.34375,4.333333333,4.291666667,4.722222222,4.45,4.5,Su organización como empresa y el nuevo cambio hacia un clima de amistad profesional y familiar que se quiere hacer en la empresa.,PROMOTOR
438,Masculino,de 31 a 38,Secundaria o menor,Asistente,de 1 a 3,Operaciones,4.4375,3.766666667,4.25,4.388888889,3.85,5,Remuneración justa gerentes involucrados en el funcionamiento de la empresa. Seguridad para los invitados y trabajadores. Tenemos un trato justo para todos en RRHH.,PROMOTOR
441,Masculino,de 31 a 38,Secundaria o menor,Asistente,menor de 1,Operaciones,4.78125,4.733333333,4.833333333,4.666666667,4.75,5,Si normalmente en diversas empresas el área de seguridad es tercerisada (contratan empresa de seguridad). Aquí no aquí uno se siente parte de la empresa es agradable me siento comprometido.,PROMOTOR
442,Masculino,de 39 a 45,Tecnico incompleto,Asistente,de 4 a 6,Operaciones,4.125,3.833333333,3.75,4.444444444,4.3,5,El trato amable que suele darse entre compañeros y el apoyo espiritual que se recibe de ellos. Fuerza de que nunca hay problemas con los pagos y eso hace que uno trabaje tranquilo.,PROMOTOR
443,Masculino,de 39 a 45,Secundaria o menor,Asistente,de 7 a 9,Operaciones,3.71875,3.866666667,3.791666667,4.111111111,3.9,5,Sí su cálido recibimiento el compañerismo que hay en la empresa.,PROMOTOR
445,Masculino,de 31 a 38,Tecnico completo,Asistente,de 1 a 3,Operaciones,4.3125,4.233333333,4.416666667,4.944444444,4.75,5,Infraestructura trato pago puntual capacitación desenvolvimiento en el área correspondiente.,PROMOTOR
448,Masculino,de 23 a 30,Secundaria o menor,Asistente,menor de 1,Operaciones,3.84375,3.8,4.041666667,4.5,4.05,5,Tenemos buenos beneficios cosa que otras empresas no cumplen.,PROMOTOR
450,Masculino,menor de 23,Secundaria o menor,Asistente,mayor de 15,Operaciones,2.46875,2.5,2.583333333,3,2.8,3,Que paguen un sueldo que este de acuerdo a la canasta del hogar.,DETRACTOR
451,Femenino,de 23 a 30,Secundaria o menor,Asistente,de 4 a 6,Operaciones,3.96875,4,4.083333333,3.944444444,4.4,4.5,El trabajo en equipo. Es una empresa con muchas ideas de crecimiento.,PROMOTOR
454,Masculino,de 31 a 38,Tecnico completo,Asistente,de 1 a 3,Operaciones,3,3.066666667,2.958333333,2.944444444,2.9,3,Que a los ASG nos brinden los uniformes (ternos) ya que somos la única área a los cuales no nos dan lo antes mencionado.,DETRACTOR
455,Masculino,mayor de 46,Secundaria o menor,Asistente,de 10 a 15,Operaciones,2.75,3.266666667,2.916666667,3.444444444,2.2,1,Siempre lo digo necesitamos urgente una asistencia de seguro social. Después que todos ganemos igual que los demás sin importar el grado ni la condición del empleado. Que haya un sindicato para que todo se cumpla con normalidad. Atentamente Hugo Segovia (2242).,DETRACTOR
456,Masculino,menor de 23,Universitaria incompleta,Asistente,menor de 1,Operaciones,4.21875,3.866666667,3.958333333,4.166666667,3.85,4.5,La remuneración que tienen los empleados. El prestigio que tiene la empresa.,PROMOTOR
457,Masculino,de 31 a 38,Secundaria o menor,Asistente,menor de 1,Operaciones,4.375,4.166666667,4.75,4.833333333,4.55,5,Es el prestigio que ha logrado a través de los años. El ambiente exclusivo. Es extraordinario.,PROMOTOR
458,Masculino,de 39 a 45,Tecnico completo,Asistente,de 7 a 9,Operaciones,4.75,4.666666667,4.75,4.888888889,4.85,5,Es una empresa que cumple con sus trabajadores con los pagos puntuales.,PROMOTOR
459,Masculino,de 31 a 38,Tecnico incompleto,Asistente,de 1 a 3,Operaciones,4.28125,4.166666667,4.791666667,4.722222222,4.7,5,Tenemos errores pero hay mucha gente que trabaja aquí que nos hacen sentir cómodos y seguros de seguir trabajando aquí día a día nos enseñan mucho.,PROMOTOR
460,Masculino,de 23 a 30,Secundaria o menor,Asistente,de 1 a 3,Operaciones,3.0625,2.866666667,2.666666667,2.555555556,3.4,1,Lo que siempre vengo diciendo en todas las encuestas igualdad para todas las áreas y para el personal nada de favoritismos. PD: Se pide un sindicato. Atentamente Carlos Canales (5083),DETRACTOR
462,Masculino,de 39 a 45,Universitaria incompleta,Asistente,de 7 a 9,Operaciones,2.84375,2.633333333,2.75,3.722222222,2.2,4,La repartición de utilidades no está a a la altura del casino los beneficios no son para todos (promociones). Contar con uniformes. Las posibilidades de ascensos para todos no para recomendados.,DETRACTOR
464,Masculino,de 23 a 30,Tecnico incompleto,Asistente,menor de 1,Operaciones,3.96875,4.033333333,4.166666667,4.111111111,4.25,4.5,El buen ambiente que genera en sala es bueno para trabajar.,PROMOTOR
465,Masculino,de 31 a 38,Secundaria o menor,Asistente,menor de 1,Operaciones,3.0625,2.766666667,3.083333333,3.666666667,2.8,3,No hay unión entre áreas cambiaría la forma de ser de muchos jefes hacer capacitaciones y al final se te cruzan y ni saludan más trabajo en equipo.,DETRACTOR
467,Masculino,de 39 a 45,Secundaria o menor,Asistente,mayor de 15,Operaciones,3.3125,2.866666667,3.458333333,3.888888889,3.2,3.5,No perjudicar al trabajar con sus beneficios en caso de enfermedad o fallecimiento de un familiar. Tendría que ver más comunicación confianza más herramientas de trabajo más apoyo y que esto sea como nuestro hogar (familiarida).,DETRACTOR
468,Masculino,de 23 a 30,Tecnico incompleto,Asistente,menor de 1,Operaciones,5,5,5,5,5,5,Sí el buen trato a su personal y la confianza de desarrollarse en su área de trabajo.,PROMOTOR
469,Masculino,de 23 a 30,Tecnico incompleto,Asistente,de 1 a 3,Operaciones,3.40625,3.3,3.125,3.5,3.05,4,Dar horarios flexibles para poder estudiar y tener gente con más estudios.,DETRACTOR
473,Masculino,de 39 a 45,Tecnico incompleto,Asistente,de 7 a 9,Operaciones,4.15625,3.9,3.916666667,4.333333333,4.15,4,Es un equipo joven que está a la vanguardia de la modernidad esto hace muy especial ya que uno ve un gran futuro como empresa.,PROMOTOR
474,Masculino,de 23 a 30,Secundaria o menor,Auxiliar,menor de 1,Operaciones,2.53125,3,3.083333333,3.444444444,2.9,4,Para cambiar de área creo yo que hay mucho protocolo para ascender de puesto.,DETRACTOR
479,Masculino,de 23 a 30,Tecnico incompleto,Auxiliar,de 4 a 6,Operaciones,2.09375,2.066666667,2.375,1.388888889,1.8,1,En la parte de pasadiso donde los clientes fuman y dejan el olor y colillas porque el casino se los permite y el personal pasa por ahí eso cambien.,DETRACTOR
482,Masculino,de 31 a 38,Secundaria o menor,Auxiliar,de 7 a 9,Operaciones,3.03125,2.7,3.125,4,3.2,4,Bueno creo que tendría que haber más comunicación entre nuestros jefes y también con nosotros.,DETRACTOR
483,Masculino,menor de 23,Universitaria incompleta,Auxiliar,menor de 1,Operaciones,4.09375,4.3,3.916666667,4.333333333,4.4,4.5,Es una empresa con valores y acogedora donde se te brindan facilidades para superar y crecer laboralmente.,PROMOTOR
486,Masculino,de 23 a 30,Tecnico incompleto,Auxiliar,de 1 a 3,Operaciones,3.875,4.166666667,3.875,4.333333333,4.25,5,El bono de descuento para poder estudiar en diferentes institutos.,PROMOTOR
487,Masculino,de 23 a 30,Tecnico completo,Auxiliar,menor de 1,Operaciones,3.875,3.933333333,4.166666667,4.388888889,4.25,4.5,El cumplimiento de todos los beneficios y la forma de trabajar. Las grandes oportunidades que brindan tanto para el trabajador y su familia.,PROMOTOR
490,Masculino,de 23 a 30,Secundaria o menor,Auxiliar,menor de 1,Operaciones,2.46875,3.1,2.833333333,3.5,3.5,5,"Que reconozcan nuestro esfuerzo ya que hay ""favoritismo"" aquí y también que no nos vean con otros ojos ya que somos Servicios Generales. Gracias.",DETRACTOR
494,Masculino,de 23 a 30,Tecnico incompleto,Auxiliar,de 1 a 3,Operaciones,3.78125,3.933333333,3.875,3.833333333,4,5,Sí la atención que brinda a los clientes en hacer sentir bien a las personas.,PROMOTOR
497,Masculino,menor de 23,Universitaria incompleta,Auxiliar,menor de 1,Operaciones,3.5625,3.6,3.375,3.388888889,3.4,3,Atlantic City tendría que mejorar en el aspecto de comunicación y/o coordinación entre áreas considero que eso aumentaría la productividad y la rapidez en que la empresa logre sus metas establecidas. Se necesita afianzar aún más los vínculos de forma organizacional. Otro aspecto a mejorar en mi opinión es en demasiado protocolo que puede llegar a ser para algún tipo de situación pues si bien es cierto eso es parte de toda organización considero que a veces suele ser excesivo y generar involuntariamente algún tipo de malestar en el trabajador.,DETRACTOR
499,Masculino,menor de 23,Tecnico completo,Auxiliar,de 1 a 3,Operaciones,2.3125,2.066666667,1.875,1.722222222,2.45,3.5,Dar oportunidades a sus trabajadores de la misma empresa cuando hay personal con la capacidad de cambiar de área.,DETRACTOR
501,Masculino,de 23 a 30,Tecnico incompleto,Auxiliar,de 7 a 9,Operaciones,2.28125,2.133333333,2.541666667,3.555555556,2.85,3.5,Que se reconozca el esfuerzo y el trabajo de cada uno y que den a todos las mismas oportunidades de crecimiento y que todos tengan un sueldo básico por igual.,DETRACTOR
503,Masculino,de 31 a 38,Tecnico incompleto,Jefe,de 7 a 9,Operaciones,4.34375,4.533333333,4.375,4.611111111,4.7,5,Este es un casino de familia cuando hay un problema todos nos preocupamos y nos ayudamos.,PROMOTOR
507,Femenino,de 31 a 38,Tecnico completo,Jefe,de 7 a 9,Operaciones,2.8125,3.2,3.458333333,3.611111111,3.45,4,Cambiaría a mis jefes directos y si no fuera así necesitan con urgencia capacitarnos o estudios de administración y manejo de personal.,DETRACTOR
512,Masculino,de 39 a 45,Universitaria incompleta,Jefe,de 4 a 6,Operaciones,4.96875,4.9,4.916666667,5,4.85,5,Sí siento que ahora esta organización es como una gran familia.,PROMOTOR
513,Masculino,de 31 a 38,Tecnico incompleto,Jefe,de 7 a 9,Operaciones,4.21875,4.366666667,3.583333333,4.055555556,4.5,5,"En meses quedó demostrado este año que somos más que compañeros ""somos un equipo"".",PROMOTOR
515,Masculino,de 31 a 38,Tecnico completo,Jefe,menor de 1,Operaciones,1.8125,1.866666667,1.416666667,1.333333333,2,1,Que entre en vigencia el bono de desempeño laboral y el bono de productividad en el área de Casino Mesas.,DETRACTOR
516,Femenino,mayor de 46,Universitaria completa,Analista,mayor de 15,Operaciones,4.65625,4.266666667,4.583333333,4.833333333,4.85,5,Empresa única en su rubro cumple con todos los derechos hacia sus trabajadores y están fomentando más la comunicación e integración del personal mediante actividades hacia los trabajadores. Buen punto.,PROMOTOR
519,Femenino,menor de 23,Universitaria incompleta,Auxiliar,de 1 a 3,Operaciones,3.28125,3.266666667,3.083333333,3.111111111,3.4,3,La comida el sueldo algunos implementos las utillidades.,DETRACTOR
520,Masculino,de 23 a 30,Tecnico incompleto,Auxiliar,de 1 a 3,Operaciones,4,4.3,4.333333333,4.166666667,4.55,4,El ambiente laboral en mi área y la forma en que eso se visualiza al cliente: nosotros somos amigos (trabajadores) y tratamos a los demás igual (clientes).,PROMOTOR
521,Masculino,de 31 a 38,Tecnico incompleto,Auxiliar,de 1 a 3,Operaciones,4.25,4.333333333,4.583333333,4.722222222,4.35,5,El reconocimiento de ser una de las mejores empresas más reconocidas para trabajar.,PROMOTOR
522,Masculino,de 23 a 30,Tecnico incompleto,Auxiliar,de 1 a 3,Operaciones,3.84375,4.4,4.041666667,4.111111111,4.65,5,Tiene un ambiente seguro donde se puede trabajar y posibilidades de seguir creciendo como personas y profesionalmente.,PROMOTOR
524,Masculino,de 23 a 30,Tecnico completo,Auxiliar,de 1 a 3,Operaciones,2.96875,3.066666667,2.958333333,3.388888889,3.5,3.5,Crear un sala de recreación para los descansos de los colaboradores del casino donde en su break puedan disfrutar por ejemplo futbol y que los jefes no esten tan cuadriculados y den más opciones a sus colaboradores por favor.,DETRACTOR
525,Masculino,de 23 a 30,Tecnico incompleto,Auxiliar,de 4 a 6,Operaciones,4.78125,4.766666667,4.333333333,4.388888889,4.7,5,La manera de dar oportunidad al personal de ascender y que son puntuales con el sueldo y en estos meses a mejorado enormemente sigamos así.,PROMOTOR
526,Femenino,de 23 a 30,Tecnico incompleto,Auxiliar,menor de 1,Operaciones,4.46875,4.4,4.375,4.444444444,4.45,5,Sí te dan una gran estabilidad protección y seguridad.,PROMOTOR
527,Masculino,menor de 23,Tecnico completo,Auxiliar,de 1 a 3,Operaciones,4.46875,4.133333333,4.25,4.388888889,4.55,5,La estructura el lugar y la confianza que hay entre todos.,PROMOTOR
528,Masculino,de 31 a 38,Tecnico incompleto,Auxiliar,menor de 1,Operaciones,5,4.866666667,4.791666667,5,4.9,5,Hay muchos beneficios para crecer personal y profesionalmente.,PROMOTOR
529,Femenino,de 23 a 30,Tecnico incompleto,Auxiliar,de 7 a 9,Operaciones,4.90625,4.833333333,4.458333333,4.944444444,5,5,Tenemos beneficios como el sueldo es puntual tenemos gimnasio y es barato tenemos beneficios como las propinas bono Olimpiadas etc. Y sobre todo somos los ganadores!,PROMOTOR
533,Femenino,de 23 a 30,Tecnico completo,Auxiliar,de 4 a 6,Operaciones,5,4.666666667,4.625,5,5,5,Somos un grupo muy unido siempre nos apoyamos y ayudarnos entre nuestra área y a los que nos necesitan muestra de que somos un grupo unido. Campeón de campeones Osos.,PROMOTOR
535,Femenino,de 31 a 38,Tecnico incompleto,Auxiliar,de 7 a 9,Operaciones,4.53125,4.3,4.458333333,4.722222222,4.5,5,Es una empresa seria y responsable que cumple con todo y con todos.,PROMOTOR
536,Femenino,menor de 23,Tecnico incompleto,Auxiliar,menor de 1,Operaciones,4.53125,4.366666667,4.5,4.722222222,4.65,4.5,La empresa es buena es un gran lugar donde trabajar las Olimpiadas los beneficios de Navidad las capacitaciones el área de Recursos Humanos ha cambiado para bien. Felicitaciones.,PROMOTOR
537,Masculino,menor de 23,Secundaria o menor,Auxiliar,menor de 1,Operaciones,4,4.166666667,4.25,4.055555556,4.7,5,Reconocimiento del trabajador Olimpiadaseventos.,PROMOTOR
538,Masculino,de 23 a 30,Universitaria incompleta,Auxiliar,de 4 a 6,Operaciones,3.1875,3.466666667,3.333333333,3.166666667,3.4,3.5,Mejor capacitación a inspectores y supervisores. Que el ascenso sea por meritocracia. Para pit boss y gerente de mesas tener carrera técnica y/o profesional.,DETRACTOR
539,Masculino,de 31 a 38,Secundaria o menor,Auxiliar,de 4 a 6,Operaciones,4.78125,4.666666667,4.583333333,5,5,5,Con respecto al personal la empresa cumple con los beneficios del trabajador.,PROMOTOR
541,Masculino,de 31 a 38,Tecnico incompleto,Auxiliar,de 4 a 6,Operaciones,4.125,4.433333333,4.291666667,4.5,4.6,5,La confraternidad entre compañeros y el buen clima laboral que tenemos ahora.,PROMOTOR
543,Masculino,de 23 a 30,Tecnico incompleto,Auxiliar,de 7 a 9,Operaciones,4.03125,4.033333333,3.833333333,4.166666667,4.2,4.5,En lo laboral mi ambiente de trabajo es muy acogedor lleno de gente buena capacitada y muy profesional. Buenos jefes hacen trabajadores contentos y muy eficientes.,PROMOTOR
545,Masculino,de 23 a 30,Universitaria incompleta,Auxiliar,de 1 a 3,Operaciones,3.5625,3.9,4.166666667,4.611111111,4.55,5,El compañerismo el apoyo que hay entre los trabajadores.,PROMOTOR
546,Femenino,menor de 23,Universitaria incompleta,Auxiliar,menor de 1,Operaciones,4.78125,4.933333333,4.916666667,4.888888889,4.9,5,Que es una empresa muy organizada al menos el área de mesas siento que realmente es una familia es entretenido estar en el trabajoconocer personas que te demuestran respeto y cariño. PD: amo mi trabajo.,PROMOTOR
547,Masculino,de 23 a 30,Secundaria o menor,Auxiliar,menor de 1,Operaciones,4.25,4.6,4.083333333,4.388888889,4.5,5,El ambiente laboral compañerismo beneficios internos y la familiaridad que te brinda mi centro de labores.,PROMOTOR
548,Masculino,menor de 23,Secundaria o menor,Auxiliar,menor de 1,Operaciones,4.625,4.666666667,4.875,4.722222222,4.75,5,Su apoyo a sus trabajadores el trato y el ambiente laboral hace que Atlantic City sea un buen lugar donde trabajar.,PROMOTOR
549,Masculino,de 31 a 38,Universitaria incompleta,Auxiliar,de 4 a 6,Operaciones,5,5,5,5,5,5,La sensación de familia pasamos la mayor parte del tiempo en este lugar y nos permite interrelacionarnos como familia compartir experiencias alegrías apoyarnos y trabajar juntos por sacar la empresa adelante.,PROMOTOR
550,Masculino,de 23 a 30,Tecnico completo,Auxiliar,de 7 a 9,Operaciones,4.28125,4.333333333,4.333333333,4.5,4.45,5,La infraestructura es impresionante y el compañerismo que existe aún más.,PROMOTOR
554,Masculino,de 23 a 30,Tecnico incompleto,Auxiliar,menor de 1,Operaciones,4.625,4.666666667,4.666666667,4.666666667,4.45,5,Bien organizado: cumplen sus pagos puntuales los servicios limpios herramientas de trabajo en buen estado servicio de descanso y entretenimiento en buen estado y buen clima laboral.,PROMOTOR
555,Masculino,de 23 a 30,Secundaria o menor,Auxiliar,de 4 a 6,Operaciones,4.6875,4.633333333,4.5,4.777777778,4.75,5,La camaradería que hay entre compañeros esa confianza que existe hace que uno se sienta cómodo y querido y nos dan ganas de venir a trabajar.,PROMOTOR
557,Masculino,de 23 a 30,Secundaria o menor,Auxiliar,de 4 a 6,Operaciones,3.96875,4.1,3.875,4.111111111,4.45,4.5,Que es un lugar muy agradable donde puedes trabajar en comodidad y armonía y que hay ese calor de familia.,PROMOTOR
558,Masculino,de 23 a 30,Universitaria incompleta,Auxiliar,de 1 a 3,Operaciones,4.8125,4.7,4.166666667,5,4.9,5,Porque hay un gran amiente de trabajo y te ayuda a crecer profesionalmente.,PROMOTOR
561,Masculino,de 23 a 30,Tecnico incompleto,Auxiliar,de 4 a 6,Operaciones,2.75,2.9,2.791666667,2.888888889,3,3,La atención al cliente ya que ha ido bajando considerablemente con el paso del tiempo.,DETRACTOR
562,Femenino,de 23 a 30,Tecnico completo,Auxiliar,de 7 a 9,Operaciones,2.5,2.433333333,2.208333333,2.833333333,2.65,3,Quisiera que sean más serios y dejen las fiestas y parrandas que solo fomenta desorden dentro del área. Que no fumen los clientes dentro. Y oportunidad de ascenso a los más antiguos. Gracias.,DETRACTOR
563,Femenino,de 23 a 30,Universitaria incompleta,Auxiliar,de 4 a 6,Operaciones,4.03125,3.966666667,3.833333333,4.611111111,4.35,4.5,Muchas oportunidades para crecer profesionalmente en esta empresa.,PROMOTOR
564,Masculino,de 23 a 30,Secundaria o menor,Auxiliar,de 4 a 6,Operaciones,3.65625,4.033333333,3.875,4.277777778,4.15,4.5,Es un buen lugar para trabajar y sobre salir adelante.,PROMOTOR
565,Femenino,de 23 a 30,Universitaria incompleta,Auxiliar,de 1 a 3,Operaciones,4.5,4.566666667,4.708333333,4.444444444,4.55,5,Mi área y gracias a mis jefes puedo organizar mi horario para poder estudiar. Me gusta su comprensión.,PROMOTOR
566,Femenino,de 31 a 38,Secundaria o menor,Jefe,de 7 a 9,Operaciones,4.125,3.533333333,3.958333333,4.166666667,4.15,5,Sí en esta empresa hay un gran ambiente laboral nos cuidamos los unos a otros. Nos protegemos y estamos al pendiente de las necesidades de los compañeros.,PROMOTOR
568,Masculino,de 23 a 30,Tecnico incompleto,Auxiliar,menor de 1,Operaciones,4.625,4.366666667,4.708333333,4.555555556,4.7,5,El crecimiento personal y profesional al trabajar en una empresa de prestigio.,PROMOTOR
569,Masculino,de 23 a 30,Universitaria incompleta,Auxiliar,de 1 a 3,Operaciones,4.15625,4.066666667,3.833333333,4,4.45,4,Sí el trato que uno recibe desde que ingresas a trabajar. En lo particular se me brinda todo el apoyo para llegar a donde estoy.,PROMOTOR
572,Masculino,menor de 23,Universitaria incompleta,Auxiliar,menor de 1,Operaciones,4.40625,4.433333333,4.166666667,4.555555556,4.4,5,La oportunidad de crecer profesionalmente dentro de la empresa.,PROMOTOR
573,Femenino,de 23 a 30,Tecnico completo,Auxiliar,de 1 a 3,Operaciones,4.71875,4.8,4.833333333,4.833333333,4.85,5,"Hacen muchas cosas como felicitarnos por el día del trabajador. Nos dieron una rica cena y celebran nuestro cumpleaños para darnos la oportunidad de felicitar y reconocer con las ""Tarjetas de Reconocimiento"".",PROMOTOR
575,Masculino,de 23 a 30,Secundaria o menor,Auxiliar,de 4 a 6,Operaciones,3.3125,2.9,3,2.944444444,3.5,4,Capacitar a tu personal y a las personas que van a ascender calificarlos evaluarlos y siempre capacitarlos. También un ambiente para relajarse para el personal porque aquí se mueve plata y ahí estresa.,DETRACTOR
576,Masculino,de 23 a 30,Secundaria o menor,Auxiliar,de 1 a 3,Operaciones,4.5625,4.7,4.333333333,4.833333333,4.9,5,Los valores que tiene esta empresa es lo más valioso.,PROMOTOR
578,Masculino,de 23 a 30,Secundaria o menor,Auxiliar,de 4 a 6,Operaciones,4.03125,4.2,3.875,4.055555556,4.2,4,Sí la calidad de personas ya sea Jefe Supervisores o compañeros que encuentra aquí es positiva. También la puntualidad en los pagos de haberes.,PROMOTOR
581,Femenino,de 31 a 38,Universitaria incompleta,Auxiliar,de 4 a 6,Operaciones,4.28125,4.4,4.125,4.333333333,4.35,5,Me gusta mucho la infraestructura interna del área de mesas y los acabados me siento bien por ese aspecto.,PROMOTOR
582,Masculino,de 23 a 30,Universitaria incompleta,Auxiliar,de 1 a 3,Operaciones,2.4375,2.933333333,2.041666667,2.833333333,2.5,3,Algunas jefaturas son poco efectivas en sus funciones y falta apoyo entre todas las áreas.,DETRACTOR
583,Masculino,mayor de 46,Tecnico completo,Jefe,de 1 a 3,Operaciones,4.75,4.666666667,5,5,4.8,5,Sí porque Atlantic City se preocupa por los colaboradores y por todos los beneficios que brinda.,PROMOTOR
585,Masculino,de 31 a 38,Tecnico completo,Jefe,de 7 a 9,Operaciones,3.96875,4.066666667,4,4.444444444,4.05,4,Por preocuparse por el clima laboral y buscar la participación de todos sus colaboradores.,PROMOTOR
588,Femenino,de 31 a 38,Tecnico incompleto,Tecnico,mayor de 15,Administracion,3.9375,3.933333333,3.541666667,3.444444444,3.75,5,En la mayoría de las áreas se siente un buen ambiente para trabajar.,PROMOTOR
590,Masculino,de 39 a 45,Universitaria incompleta,Tecnico,de 4 a 6,Operaciones,4.03125,4.066666667,3.833333333,4.166666667,4.05,4,Sí ahora hay beneficios y se ve el interés de la empresa por sus empleados.,PROMOTOR
592,Masculino,de 39 a 45,Tecnico incompleto,Tecnico,menor de 1,Operaciones,3.09375,3.033333333,2.958333333,3,3.1,3,Motivación mayor interés por el empleado. Aumentar o mejorar tu récord laboral. Preguntar como vas cómo te sientes tus errores fortalezas etc.,DETRACTOR
593,Masculino,de 23 a 30,Secundaria o menor,Tecnico,menor de 1,Operaciones,4.25,4.733333333,4.125,4.444444444,4.7,5,La calidad de personas laborando son a mi parecer buenas. Claro cona lgunos detalles a mejorar pero es algo especial que hace este negocio diferente a los demás.,PROMOTOR
596,Masculino,de 23 a 30,Tecnico completo,Tecnico,menor de 1,Operaciones,4.9375,4.733333333,5,5,5,5,Algo especial que todos bien el bienestar de la empresa en seguir creciendo. Que todos somos unidos eso hace un buen lugar de trabajo.,PROMOTOR
597,Masculino,de 39 a 45,Tecnico completo,Tecnico,de 7 a 9,Operaciones,3.875,4.066666667,4.083333333,4.444444444,4.2,5,Es el mejor sitio donde trabajar buen ambiente laboral.,PROMOTOR
600,Masculino,de 31 a 38,Tecnico incompleto,Tecnico,de 4 a 6,Operaciones,2.875,2.733333333,2.833333333,3.222222222,3.05,3,Que reconozcan el trabajo que uno hace y que hace cada área el tipo de trabajo que uno hace y el tiempo que uno tiene.,DETRACTOR
604,Masculino,de 23 a 30,Tecnico incompleto,Tecnico,menor de 1,Operaciones,3.15625,3.166666667,3.083333333,2.888888889,2.9,3,Que los jefes de área sean sinceros y en cuanto a los uniformes te lo brinden nuevos y no usados que te causen enfermedades a la piel. PD: Gracias por preocuparse por nosotros.,DETRACTOR
605,Femenino,de 23 a 30,Tecnico incompleto,Tecnico,de 4 a 6,Operaciones,3.03125,2.666666667,3.166666667,3.722222222,3.35,4,El trato de los jefes hacia los trabajadores no por tener un cargo más importante es mejor que todos y tener el mismo trato con los demás no tener favoritismo.,DETRACTOR
606,Femenino,de 23 a 30,Tecnico incompleto,Tecnico,de 1 a 3,Operaciones,4.40625,4.066666667,4.333333333,4.5,4.35,4,La elegancia y la seguridad es lo que yo destaco de aquí me siento bien porque es un lugar reconocido por esos dos aspectos.,PROMOTOR
608,Masculino,de 31 a 38,Tecnico incompleto,Tecnico,de 7 a 9,Operaciones,4.21875,4.333333333,3.5,4.277777778,4.2,5,Sí que es un casino competente y sale adelante y mira hacia el futuro.,PROMOTOR
609,Femenino,de 23 a 30,Tecnico completo,Tecnico,de 1 a 3,Operaciones,4.3125,3.966666667,4.166666667,4.555555556,4.5,4,El trabajo en equipo y compañerismo e identificación con la empresa.,PROMOTOR
610,Femenino,de 23 a 30,Universitaria incompleta,Tecnico,menor de 1,Operaciones,1.8125,1.6,1.833333333,1.333333333,1.5,1,Que el personal pueda desarrollar una línea de carrera.,DETRACTOR
612,Femenino,de 23 a 30,Tecnico incompleto,Tecnico,menor de 1,Operaciones,4.875,4.833333333,4.916666667,4.611111111,4.8,5,No existe la discriminación el respeto entre compañeros de trabajo es esencial el valorar a las personas como son.,PROMOTOR
613,Masculino,de 23 a 30,Universitaria incompleta,Tecnico,menor de 1,Operaciones,4.40625,4.266666667,4.5,4.555555556,4.55,5,La garantía de saber que te deja crecer profesionalmente y motiva a trabajar en equipo para lograr buenos resultados.,PROMOTOR
614,Masculino,de 23 a 30,Tecnico incompleto,Tecnico,menor de 1,Operaciones,3.03125,3.333333333,3.208333333,3.833333333,3.75,4,Mejores convenios con mayores descuentos en estudio.,DETRACTOR
615,Femenino,de 31 a 38,Tecnico incompleto,Tecnico,menor de 1,Operaciones,4.625,4.8,4.458333333,4.666666667,4.85,5,Sï hacer que las áreas se compenetren haciendo actividades de integración para hacer y lograr un trabajo en equipo.,PROMOTOR
616,Femenino,de 23 a 30,Secundaria o menor,Tecnico,de 4 a 6,Operaciones,4.25,4.5,4.666666667,4.888888889,4.65,5,Sí las capacitaciones que nos brindan talleres etc.,PROMOTOR
618,Masculino,de 23 a 30,Tecnico incompleto,Tecnico,menor de 1,Operaciones,4.21875,4.2,4.375,4.222222222,4.5,5,El ambiente de trabajo y el trato a los trabajadores es muy cordial te hace sentir como familia.,PROMOTOR
620,Femenino,de 39 a 45,Universitaria completa,Jefe,mayor de 15,Operaciones,4.9375,5,5,4.888888889,4.95,5,El trato que te dan es especial te hacen sentir como en casa te dan la seguridad de surgir profesionalmente y mejorar tu calidad de vida.,PROMOTOR
622,Masculino,de 23 a 30,Universitaria incompleta,Jefe,menor de 1,Operaciones,4.59375,4.8,4.875,4.611111111,4.65,5,La relación laboral entre los que forman parte de las distintas áreas. Trabajo en equipo!,PROMOTOR
623,Femenino,de 31 a 38,Tecnico completo,Jefe,de 7 a 9,Operaciones,4.1875,4.5,4.25,4.333333333,4.45,5,Su gente su trato al personal sus beneficios su infraestructura.,PROMOTOR
624,Masculino,de 23 a 30,Postgrado,Jefe,menor de 1,Operaciones,4.875,4.4,4.666666667,4.722222222,4.65,4,Las ganas de crecer y ser mejores también los beneficios a los trabajadores. Sugiero que más adelante de ser posible se considere entregar vales para alimentos en los beneficios. Estoy contento de trabajar aquí.,PROMOTOR
625,Femenino,de 23 a 30,Tecnico completo,Analista,menor de 1,Operaciones,3.96875,4.266666667,4.083333333,4.111111111,4.4,5,Que es el mejor casino de Lima y reconocido por los turistas.,PROMOTOR
627,Masculino,menor de 23,Tecnico completo,Analista,menor de 1,Operaciones,2.8125,2.066666667,2.333333333,3.333333333,3.05,3,El ambiente de trabajo (decoración luz natural señal). Los APR no dan buen trato. Que se respeten los feriados. El tiempo de descanso es muy corto y que aumenten más el tiempo de trabajo no es bueno para que el trabajador se sienta mejor.,DETRACTOR
628,Femenino,de 23 a 30,Tecnico completo,Analista,de 1 a 3,Operaciones,3.3125,3.7,3.625,3.611111111,3.75,3,Podría mejorar sus descuentos para poder estudiar idiomas y otras carreras. Más reuniones y paseos con todos.,DETRACTOR
631,Femenino,de 23 a 30,Tecnico completo,Analista,menor de 1,Operaciones,3.90625,3.933333333,3.541666667,4.388888889,4.15,5,La hace única y especial el hecho que uno tiene la posibilidad de crecer profesionalmente en un lugar que es reconocido como el mejor centro de entretenimiento del país.,PROMOTOR
634,Femenino,de 23 a 30,Universitaria completa,Analista,menor de 1,Operaciones,2.9375,3.066666667,2.791666667,4.166666667,3.25,3,Cambiaría o mejor dicho un punto de mejora es que se de movilidad en horario nocturno.,DETRACTOR
635,Femenino,de 23 a 30,Universitaria incompleta,Analista,de 1 a 3,Operaciones,4.4375,4,4.25,4.388888889,4.1,5,El clima laboral que tiene ya seas un gerente o un simple trabajador todos son personas valiosas una pieza clave para que todo funcione.,PROMOTOR
636,Femenino,menor de 23,Tecnico incompleto,Analista,menor de 1,Operaciones,4.5625,4.666666667,4.541666667,4.388888889,4.4,5,Es un lugar muy acogedor me gusta mucho y los beneficios y cuando hacen los eventos en realidad no cualquier empresa hace eso.,PROMOTOR
637,Femenino,de 23 a 30,Universitaria completa,Analista,de 1 a 3,Operaciones,3.25,3.1,2.541666667,2.833333333,3.4,3,"Que planillas no tenga ""errores"" en los depósitos y que si uno no se da cuenta ni reclama si nadie se da cuenta.  Que en comedor no nos vendan comida pasada o malograda.",DETRACTOR
638,Femenino,de 23 a 30,Universitaria incompleta,Analista,menor de 1,Operaciones,4.9375,5,5,5,5,5,Una organización que fomenta la disciplina reconoce logros y es un lugar donde me siento a gusto para trabajar y dar lo mejor de mí.,PROMOTOR
640,Femenino,de 23 a 30,Universitaria incompleta,Analista,menor de 1,Operaciones,4.125,4.066666667,4.083333333,4.333333333,4.1,4,El trabajo en equipo y la vocación de servicio todos juntos remamos hacia un mismo lugar con ganas con alegría con entusiasmo logrando siempre los objetivos.,PROMOTOR
642,Masculino,de 23 a 30,Tecnico completo,Auxiliar,menor de 1,Operaciones,4.59375,4.8,4.583333333,4.555555556,4.75,5,El ambiente en sí ya que lo creamos nosotros mismos esa sensación de entrar a turno y sentirte bien es única. Gracias por la oportunidad.,PROMOTOR
645,Masculino,de 23 a 30,Secundaria o menor,Auxiliar,de 7 a 9,Operaciones,2.375,1.933333333,2.125,2.277777778,2,2,Más comunicación y apoyo entre las áreas darle solución a los problemas que tengamos ser sinceros y honestidad.,DETRACTOR
647,Femenino,de 23 a 30,Tecnico incompleto,Auxiliar,de 1 a 3,Operaciones,2.46875,3.1,2.875,3.388888889,3.15,2,Me gustaría que haya un mejor diálogo entre áreas o incluso entre las mismas para un aviso de crecimiento profesional.,DETRACTOR
650,Masculino,de 31 a 38,Tecnico incompleto,Jefe,de 10 a 15,Operaciones,5,4.666666667,4.833333333,5,5,5,La preocupación al trabajador y el apoyo que brinda.,PROMOTOR
651,Masculino,de 31 a 38,Universitaria completa,Jefe,de 10 a 15,Operaciones,3.84375,4.066666667,4,4.777777778,4.5,4,Siempre hay oportunidad de aprender cosas nuevas y esto me hace sentir que puedo aprender más.,PROMOTOR
652,Masculino,de 23 a 30,Tecnico incompleto,Jefe,de 7 a 9,Operaciones,5,5,5,5,5,5,Lo que ahce especial a Atlantic City y a mi área de trabajo es que he notado que hay un excelente clima laboral ya que se recibe siempre el apoyo en todo momento de parte de nuestros jefes y gerentes.,PROMOTOR
655,Femenino,de 31 a 38,Tecnico completo,Analista,de 10 a 15,Operaciones,4.875,4.766666667,4.458333333,4.944444444,4.85,5,Sí es un lugar especial y muy bueno porque nos brinda todos los beneficios así como las capacitaciones que nos ayudan a crecer como persona y como trabajador.,PROMOTOR
656,Femenino,de 31 a 38,Tecnico completo,Analista,de 1 a 3,Operaciones,4.0625,4.6,4,4.5,4.6,5,Muchos beneficios para sus trabajadores y puntualidad en los pagos.,PROMOTOR
659,Masculino,de 23 a 30,Universitaria completa,Analista,menor de 1,Operaciones,4.84375,4.9,4.75,4.722222222,4.8,5,Sí la confianza el apoyo que te brindan los compañeros del área para poder desenvolverte de la mejora manera además que si uno hace las cosas bien puede hacer línea de carrera.,PROMOTOR
660,Masculino,de 23 a 30,Universitaria completa,Analista,menor de 1,Operaciones,4.0625,3.966666667,4.125,4.111111111,4.3,4,Creo que el trabajo en equipo que noto en mi área es lo que más resalto.,PROMOTOR
664,Masculino,mayor de 46,Universitaria completa,Jefe,de 10 a 15,Operaciones,4.03125,4.2,4.416666667,3.666666667,3.9,4.5,Reconocimiento y consideración al potencial humano. Respeto entre colaboradores (como una gran familia). Ambiente agradable para realizar nuestro trabajo.,PROMOTOR
665,Masculino,de 31 a 38,Tecnico completo,Jefe,de 10 a 15,Operaciones,4.28125,4.266666667,4.125,4.611111111,4.45,5,Debo reconocer que ha mejorado mucho en clima laboral si hay algo especial es justamente eso.,PROMOTOR
666,Masculino,mayor de 46,Tecnico completo,Auxiliar,de 7 a 9,Operaciones,3.1875,3.666666667,3.166666667,3.833333333,3.4,2,No se podría pero se puede intentar cambiar la manera de pensar de muchos para mirar al mismo horizonte.,DETRACTOR
669,Masculino,de 31 a 38,Secundaria o menor,Auxiliar,de 10 a 15,Operaciones,2.65625,2.966666667,2.75,3.222222222,3.4,3,Que debe haber más incentivo para los trabajadores.,DETRACTOR
670,Masculino,de 31 a 38,Tecnico incompleto,Auxiliar,de 10 a 15,Operaciones,2.90625,2.8,2.458333333,4.166666667,3.45,4,Trabajo en equipo. La hipocresía. Mejorar la atención en el comedor. Reparto justo de las utilidades.,DETRACTOR
674,Femenino,de 23 a 30,Universitaria incompleta,Jefe,menor de 1,Operaciones,4.625,4.366666667,4.666666667,4.888888889,4.8,5,El amor y energía que le ponen a todo aquello que hacen.,PROMOTOR
677,Masculino,de 23 a 30,Universitaria incompleta,Analista,de 1 a 3,Operaciones,4.34375,4.666666667,4.333333333,4.777777778,4.7,5,El ambiente en el que se trabaja y la confianza que te brindan para poder tomar decisiones para el crecimiento de la empresa.,PROMOTOR
679,Masculino,de 31 a 38,Tecnico incompleto,Auxiliar,menor de 1,Operaciones,5,5,4.333333333,5,5,5,El buen ambiente laboral buenos compañeros buenas capacitaciones.,PROMOTOR
682,Masculino,de 31 a 38,Tecnico completo,Jefe,de 4 a 6,Operaciones,3.65625,4.066666667,3.916666667,4.611111111,4.25,4,Excelente infraestructura equipos y máquinas de última generación capacitación constante y un ambiente laboral que viene mejorando día a día.,PROMOTOR
683,Masculino,de 23 a 30,Universitaria completa,Analista,menor de 1,Operaciones,3.25,3.033333333,3.083333333,3.611111111,3.1,3,La atención en comedor muchas veces no dan buen trato. Por eso ya no uso el servicio.,DETRACTOR
684,Masculino,de 23 a 30,Universitaria completa,Tecnico,de 1 a 3,Operaciones,1.53125,1.633333333,1.583333333,2.333333333,2.15,3,Responsables por antigüedad y bara no por capacidad. Más planificación menos improvisación. Lo más importante es el capital humano.,DETRACTOR